漢字,田町読み（新しい詳細読み）　ひらがな・漢字
亜,あねったいのあ
唖,あぜんとするのあ
娃,あい，おんなへんにくちふたつ
阿,あみだぶつのあ
哀,きどあいらくのあい，あわれむ
愛,あいするのあい
挨,あいさつするのあい
姶,おんなへんにごうかくのごう
逢,だんじょのあいびきのあい
葵,あおいまつりのあおい
茜,あかねいろのあかね
穐,あき，のぎへんにかめ
悪,ぜんあくのあく，わるい
握,あくりょくのあく，にぎる
渥,あつみはんとうのあつ
旭,きょくじつのきょく，あさひ
葦,あしぶえのあし
芦,あし，くさかんむりにとじまりのと
鯵,あじ，さかなへんにまいる
梓,あずさ，じょうしするのし
圧,あつりょくのあつ
斡,あっせんするのあつ
扱,あつかう
宛,あてなのあて
姐,あねごはだのあね
虻,あぶはちとらずのあぶ
飴,みずあめのあめ
絢,けんらんごうかのけん
綾,あやおりのあや
鮎,あゆ，さかなへんにうらなう
或,あるいはのある
粟,きびあわのあわ
袷,あわせ，ころもへんにごうかくのごう
安,あんしんのあん，やすい
庵,いおり，たくあんのあん
按,あんまのあん
暗,あんきするのあん，くらい
案,あんないのあい
闇,くらやみのやみ
鞍,あんばのあん，くら
杏,あんず，きょうりんのきょう
以,いじょう，いかのい
伊,いせえびのい
位,たんいのい
依,いらいするのい
偉,いだいのい，えらい
囲,いごのい，かこむ
夷,じょういのい，えびす
委,がっきゅういいんのい
威,いげんがあるのい
尉,りくぐんたいいのい
惟,しいのい，りっしんべんにふるとり
意,いみのい
慰,いしゃりょうのい，なぐさめる
易,ぼうえきのえき，やさしい
椅,いすのい
為,こういのい，ため
畏,いふするのい，かしこまる
異,いこくのい，ことなる
移,いどうのい，うつる
維,いじするのい
緯,いどけいどのい
胃,いぶくろのい
萎,いしゅくするのい，なえる
衣,いふくのい，ころも
謂,いわれ，ごんべんにいぶくろい
違,いはんのい，ちがう
遺,いでんのい
医,おいしゃさんのい
井,いどみずのい
亥,い，じゅうにしのいのしし
域,ちいきのいき
育,きょういくのいく，そだてる
郁,ふくいくのいく
磯,いそづりのいそ
一,かんすうじのいち
壱,けいやくしょにつかうすうじのいち
溢,あふれる，のういっけつのいつ
逸,いつだつする
稲,いね，いなさくのいな
茨,いばらきけんのいばら
芋,やきいものいも
鰯,いわし，さかなへんによわい
允,いんかのいん，ゆるす
印,いんさつのいん
咽,じびいんこうかのいん，のど
員,がっきゅういいんのいん
因,げんいんのいん，ちなみに
姻,こんいんのいん
引,いんようするのいん，ひく
飲,みずをのむののむ，いん
淫,いんらんのいん，みだら
胤,ごらくいんのいん，たね
蔭,くさかんむりのかげ
院,にゅういんするのいん
陰,いんきなのいん，かげ
隠,いんきょするのいん，かくれる
韻,よいんがのこるのいん
吋,ながさのたんいのいんち
右,みぎ，さゆうのゆう
宇,うちゅうのう
烏,うごうのしゅうのう，からす
羽,はね，うもうのう
迂,うかいするのう
雨,あめ，うてんのう
卯,う，じゅうにしのうさぎ
鵜,うのみにするのう
窺,あなかんむりのうかがう
丑,うし，じゅうにしのうし
碓,うす，いしへんにふるとり
臼,だっきゅうするのきゅう，うす
渦,うずまきのうず，か
嘘,うそつきのうそ
唄,うた，くちへんにかいがらのかい
欝,ゆううつなのうつ
蔚,くさかんむりにりくぐんたいいのい
鰻,うなぎ
姥,うばざくらのうば
厩,きゅうしゃのきゅう，うまや
浦,つつうらうらのうら
瓜,うり，すいかのか
閏,うるうどしのうるう
噂,うわさばなしのうわさ
云,うんぬんのうん，いう
運,うんどうのうん，はこぶ
雲,くものうえのくも，うん
荏,えごまのえ
餌,えさ，えづけのえ
叡,ひえいざんのえい
営,えいぎょうのえい，いとなむ
嬰,あかんぼうをいみするえいじのえい
影,えいきょうのえい，かげ
映,えいがのえい，うつす
曳,えいこうするのえい，ひく
栄,えいようのえい，さかえる
永,えいきゅうのえい，ながい
泳,すいえいのえい，およぐ
洩,きみつろうえいのえい，もらす
瑛,おうへんにえいごのえい
盈,みちる，えい
穎,すぐれるをいみするえい，ほさき，のぎへん
頴,すぐれるをいみするえい，ほさき，しめす
英,えいゆうのえい
衛,えいせいてきのえい
詠,えいたんのえい，よむ
鋭,えいりなのえい，するどい
液,えきたいのえき
疫,めんえきのえき
益,りえきのえき
駅,えきびるのえき
悦,えつらくのえつ，よろこぶ
謁,はいえつするのえつ
越,ゆうえつかんのえつ，こす
閲,えつらんするのえつ
榎,えのき，きへんになつ
厭,えんせいかんのえん，いとう
円,ひゃくえんだまのえん
園,どうぶつえんのえん
堰,えんていのえん，せき
奄,あまみおおしまのいちもじめのえん
宴,えんかいのえん，うたげ
延,えんきするのえん，のびる
怨,おんねんのおん，うらみ
掩,えんごしゃげきのえん
援,おうえんするのえん
沿,えんがんのえん，そう
演,えんそうするのえん
炎,えんじょうするのえん，ほのお
焔,ほのお，ひへんのほのお
煙,えんとつのえん，けむり
燕,つばめ
猿,るいじんえんのえん，さる
縁,えんがわのえん，ふち
艶,ようえんなのえん，つや
苑,じんぐうがいえんのえん
薗,その，くさかんむりにがくえんのえん
遠,えんそくのえん，とおい
鉛,えんぴつのえん，なまり
鴛,えんおうのえん，おしどり
塩,しょくえんのえん，しお
於,なになににおいてのお
汚,おせんのお，きたない
甥,おいめいのおい
凹,おうとつのおう，くぼむ
央,ちゅうおうのおう
奥,おくばのおく
往,おうふくのおう
応,おうえんのおう
押,おうしゅうするのおう，おす
旺,しょくよくおうせいなのおう
横,たてよこのよこ，おう
欧,おうべいのおう
殴,おうだするのおう，なぐる
王,おうさまのおう
翁,おきな，おう
襖,しょうじふすまのふすま
鴬,うぐいす
鴎,かもめ
黄,きいろのき，おう
岡,おかやまけんのおか
沖,おき，おきなわけんのおき
荻,おぎ
億,おくまんちょうじゃのおく
屋,おくじょうのおく，や
憶,きおくのおく，おぼえる
臆,おくびょうなのおく
桶,おけ，ふろおけのおけ
牡,はなのぼたんのぼ，おす
乙,こうおつのおつ
俺,おれさまのおれ
卸,おろしうりのおろし
恩,おんがえしのおん
温,おんせんのおん，あたたまる
穏,へいおんのおん，おだやか
音,おと，おんがくのおん
下,じょうげのげ，した
化,かせきのか，ばける
仮,かめんのか，かり
何,なにもののなに
伽,おとぎばなしのとぎ，か
価,かちのか，あたい
佳,かさくのか，にんべんにつちふたつのか
加,ついかのか，くわえる
可,かのうせいのか
嘉,か，よろこぶのしたがくわえる
夏,なつやすみのなつ，か
嫁,はなよめのよめ
家,いえ，かぞくのか
寡,かもくなのか，すくない
科,きょうかしょのか
暇,きゅうかのか，ひま
果,けっかのか，はたす
架,じゅうじかのか，かける
歌,うた，かしゅのか
河,さんずいのかわ
火,かようびのか，ひ
珂,おうへんにかのうせいのか
禍,わざわい，か
禾,のぎへんののぎ，か
稼,かせぐ，か
箇,かじょうがきのか
花,はな，かびんのか
苛,いらだつ，かこくのか
茄,くさかんむりにくわえるのか，なす
荷,にもつのに
華,ごうかのか，はなやか
菓,おかしのか
蝦,むしへんのえび，か
課,ほうかごのか
嘩,くちげんかのか
貨,かもつのか
迦,おしゃかさまのか
過,かこのか，すぎる
霞,はるがすみのかすみ
蚊,かとりせんこうのか
俄,にわか，がぜんのが
峨,やまへんにわれのが
我,がまんのが，われ
牙,ぞうげのげ，きば
画,がようしのが
臥,ふす，がしんしょうたんのが
芽,はつがのが，きのめのめ
蛾,が，むしのが
賀,ねんがじょうのが
雅,ゆうがのが，みやび
餓,がしするのが，うえる
駕,が，りょうがするのが
介,かいごのかい，すけ
会,かいしゃのかい，あう
解,かいけつするのかい
回,まわる，かいてんのかい
塊,だんかいのかい，かたまり
壊,はかいのかい，こわす
廻,えんにょうにまわるのかい
快,かいてきのかい，こころよい
怪,かいぶつのかい，あやしい
悔,こうかいするのかい，くやむ
恢,てんもうかいかいのかい
懐,かいちゅうでんとうのかい，ふところ
戒,けいかいするのかい，いましめる
拐,ゆうかいじけんのかい
改,かいりょうのかい，あらためる
魁,きょかいのかき，さきがけ
晦,みそか，にちへんにまい
械,きかいてきのかい
海,うみ，かいがいのかい
灰,はいいろのはい
界,せかいのかい
皆,みなさまのみな，かい
絵,えほんのえ
芥,あくたがわしょうのあくた
蟹,かに
開,かいはつのかい，ひらく
階,かいだんをのぼるのかい
貝,かいがらのかい
凱,がいせんもんのがい
劾,だんがいするのがい
外,がいこくのがい，そと
咳,せきばらいのせき
害,さいがいのがい
崖,がけ，だんがいのがい
慨,かんがいむりょうのがい
概,がいねんのがい，おおむね
涯,いっしょうがいのがい
碍,ゆうずうむげのげ，がい
蓋,ずがいこつのがい，ふた
街,がいろじゅのがい
該,がいとうするのがい
鎧,よろい，がいしゅういっしょくのがい
骸,がいこつのがい，むくろ
浬,たんいのかいり，さんずいにさと
馨,じんめいのかおる，けい，かぐわしい
蛙,どうぶつのかえる
垣,かきねのかき
柿,くだもののかき
蛎,うみのかき，れい
鈎,かぎ，かねへんにつつみがまえにむ
劃,わかつ，かくぜんのかく
嚇,いかくするのかく
各,かくじのかく，おのおの
廓,ゆうかくのかく，くるわ
拡,かくだいのかく
撹,かくらんするのかく
格,ごうかくのかく
核,かくかぞくのかく
殻,かいがらのがら，かく
獲,かくとくのかく，える
確,かくにんのかく，たしか
穫,しゅうかくするのかく，とりいれる
覚,かんかくのかく，おぼえる
角,かくどのかく，つの
赫,あかをふたつならべたかく
較,ひかくてきのかく
郭,りんかくのかく，くるわ
閣,てんしゅかくのかく
隔,かんかくのかく，へだたり
革,かくめいのかく
学,まなぶ，がくしゅうのがく
岳,さんがくのがく，たけ
楽,おんがくのがく，たのしい
額,きんがくのがく，ひたい
顎,あご，がく
掛,かけぶとんのかけ
笠,はながさのかさ
樫,かしのきのかし
橿,かしはらじんぐうのかし
梶,かじのきのかじ，きへんにお
鰍,かじか，うおへんにあき
潟,にいがたけんのかた
割,わりあいのわり
喝,きょうかつするのかつ
恰,かっぷくがよいのかつ，あたかも
括,そうかつのかつ，くくる
活,せいかつのかつ
渇,かつぼうするのかつ，かわく
滑,えんかつのかつ，なめらか
葛,かっとうのかつ，くず
褐,かっしょくのかつ
轄,かんかつするのかつ
且,なおかつのかつ
鰹,かつお，うおへんにかたい
叶,かなう，くちへんにじゅう
椛,かば，きへんにはな
樺,しらかばのかば
鞄,かばん
株,かぶしきのかぶ
兜,てつかぶとのかぶと
竃,かまど
蒲,かばやきのかば
釜,かまめしのかま
鎌,かまくらのかま
噛,かむ，くちへんには
鴨,とりのかも
栢,かや，きへんにひゃく
茅,かやぶきのかや
萱,くさかんむりにせんでんのせん
粥,おかゆのかゆ
刈,くさかりのかり，かる
苅,かる，くさかんむりのかる
瓦,れんがのが，かわら
乾,かわく，かんそうきのかん
侃,かんかんがくがくのかん
冠,かんむり，えいかんのかん
寒,あついさむいのさむい，かん
刊,しゅうかんしのかん
勘,おかんじょうのかん
勧,かんゆうするのかん，すすめる
巻,のりまきのまき
喚,しょうにんかんもんのかん
堪,かんにんぶくろのかん，たえる
姦,かしましい，おんなみっつのかん
完,かんりょうするのかん
官,けいさつかんのかん
寛,かんだいなのかん，ひろい
干,かんちょうのかん，ほす
幹,しんかんせんのかん，みき
患,かんじゃのかん，わずらう
感,かんそうぶんのかん
慣,しゅうかんのかん，なれる
憾,いかんなくのかん
換,かんきせんのかん，かえる
敢,ゆうかんなのかん，あえて
柑,かんきつるいのかん
桓,かんむてんのうのかん
棺,かんおけのかん，ひつぎ
款,えんしゃっかんのかん
歓,かんげいのかん，よろこぶ
汗,あせ，はっかんのかん
漢,かんじてすとのかん
澗,かん，さんずいにあいだ
潅,かんぼくのかん
環,しぜんかんきょうのかん
甘,あまい，かんみりょうのかん
監,かんとくするのかん
看,かんびょうのかん
竿,さおだけのさお，かん
管,かんりするのかん
簡,かんたんなのかん
緩,ゆるやか，かんわするのかん
缶,かんづめのかん
翰,しょかんをおくるのかん，しんかんせんのかんのほすのかわりにうもうのう
肝,かんぞうのかん，きも
艦,せんすいかんのかん
莞,くさかんむりにかんりょうするのかん
観,かんきゃくのかん
諌,いさめる，かんげんするのかん
貫,いっかんするのかん，つらぬく
還,かんれきのかん，かえる
鑑,ずかんのかん
間,じかんのかん，あいだ
閑,かんこどりのかん，ひま
関,かんけいのかん，せき
陥,おちいる，かんらくのかん
韓,かんこくじんのかん
館,としょかんのかん
舘,やかたのいたいじ，かん
丸,ひのまるのまる，がん
含,ふくむ，がんちくのがん
岸,かいがんのがん，きし
巌,がんりゅうじまのがん，いわお
玩,がんぐのがん，もてあそぶ
癌,がんさいぼうのがん
眼,そうがんきょうのがん
岩,いわ，がんせき
翫,がん，れんしゅうのしゅうにげんきのげん
贋,がんさくのがん，にせ
雁,わたりどりのがん，かり
頑,がんばるのがん
顔,かおいろのかお，がん
願,がんぼうのがん，ねがう
企,きかくのき，くわだてる
伎,かぶきのき
危,きけんのき，あぶない
喜,きげきのき，よろこぶ
器,がっきのき，うつわ
基,きほんのき，もとづく
奇,きみょうなのき
嬉,うれしい，き
寄,きふするのき，よる
岐,ぶんきてんのき
希,きぼうのき，まれ
幾,きかがくのき
忌,いっしゅうきのき，いむ
揮,しきするのき
机,つくえ
旗,こっきのき，はた
既,きとくけんのき，すでに
期,きたいするのき
棋,き，しょうぎのぎ
棄,はきするのき，すてる
機,ひこうきのき
帰,きたくするのき，かえる
毅,きぜんとしたのき
気,くうきのき
汽,きてきのき
畿,きんきちほうのき
祈,いのる，きがんするのき
季,きせつふうのき
稀,まれ，のぎへんにきぼうのき
紀,きげんぜんのき
徽,きしょうをつけるのき，しるし
規,きそくてきのき
記,きろくのき，しるす
貴,きちょうひんのき
起,きりつするのき，おきる
軌,きどうにのるのき
輝,かがやく，き
飢,きがのき，うえる
騎,きへいたいのき
鬼,おに，きゅうけつきのき
亀,どうぶつのかめ，き
偽,ぎぞうのぎ，にせ
儀,ぎしきのぎ
妓,げいぎのぎ，おんなへんにささえる
宜,べんぎのぎ，よろしく
戯,ぎきょくのぎ
技,ぎじゅつのぎ，わざ
擬,もぎてんのぎ
欺,さぎのぎ，あざむく
犠,ぎせいしゃのぎ
疑,ぎもんのぎ，うたがう
祇,ぎおんまつりのぎ
義,ぎむのぎ
蟻,むしのあり，ぎ
誼,よしみをつうずるのよしみ，ぎ
議,かいぎしつのぎ
掬,すくいなげのすくう
菊,きくにんぎょうのきく
鞠,けまりのまり，きく
吉,きちときょうのきち，よし
吃,どもる，きつおんのきつ
喫,きつえんするのきつ
桔,きへんにきち，ききょうのいちもじめ
橘,たちばな，かんきつのきつ
詰,つめる，きつもんのきつ
砧,きぬた，いしへんにうらなう
杵,うすきねのきね
黍,こくもつのきび，しょ
却,へんきゃくするのきゃく
客,おきゃくのきゃく
脚,きゃくほんのきゃく，あし
虐,ぎゃくたいのぎゃく，しいたげる
逆,ぎゃくてんのぎゃく，さかさ
丘,さきゅうのきゅう，おか
久,えいきゅうのきゅう，ひさしい
仇,あだ，きゅうてきのきゅう
休,やすむ，きゅうじつのきゅう
及,ふきゅうするのきゅう，およぶ
吸,こきゅうするのきゅう，すう
宮,おみやまいりのみや，きゅう
弓,ゆみやのゆみ
急,とっきゅうのきゅう，いそぐ
救,きゅうじょのきゅう，すくう
朽,ろうきゅうかするのきゅう，くちる
求,ようきゅうのきゅう，もとめる
汲,くむ，きゅうきゅうとするのきゅう
泣,なく，ごうきゅうするのきゅう
灸,おきゅうをすえるのきゅう
球,ちきゅうのきゅう，たま
究,けんきゅうのきゅう
窮,きゅうくつのきゅう，きわまる
笈,おい，たけかんむりにおよぶ
級,さいこうきゅうのきゅう
糾,ふんきゅうするのきゅう
給,きゅうしょくしつのきゅう
旧,きゅうれきのきゅう
牛,うし，ぎゅうにゅうのぎゅう
去,きょねんのきょ，さる
居,じゅうきょのきょ，いる
巨,きょだいなのきょ
拒,きょひするのきょ，こばむ
拠,きょてんのきょ
挙,せんきょのきょ，あげる
渠,あんきょのきょ，みぞ
虚,きょえいしんのきょ
許,きょかするのきょ，ゆるす
距,きょりのきょ
鋸,のこぎり，きょ
漁,ぎょこうのぎょ
禦,ぼうぎょのぎょのきゅうじ
魚,さかな，きんぎょのぎょ
亨,きょう，なべぶたにくちにりょう
享,きょうらくてきのきょう
京,とうきょうのきょう
供,ていきょうするのきょう，そなえる
侠,にんきょうのきょう
僑,ちゅうごくのかきょうのきょう
兇,きょうだんにたおれるのきょう，ひとあしのきょう
競,きょうそうするのきょう，きそう
共,きょうつうのきょう，とも
凶,きちときょうのきょう
協,きょうりょくするのきょう
匡,ただす，きょう，はこがめにおう
卿,きょう，すうきけいのけい
叫,さけぶ，ぜっきょうのきょう
喬,きょうぼくのきょう，たかし
境,こっきょうのきょう，さかい
峡,つがるかいきょうのきょう
強,べんきょうのきょう，つよい
彊,じきょうじゅつのきょう，つよい
怯,ひきょうもののきょう，おびえる
恐,きょうふのきょう，おそろしい
恭,きょうじゅんのきょう，うやうやしい
挟,はさむ，きょう
教,きょうかしょのきょう，おしえる
橋,ほどうきょうのきょう，はし
況,じっきょうちゅうけいのきょう
狂,くるう，きょうげんのきょう
狭,せまい，きょう
矯,きょうせいしりょくのきょう
胸,きょういのきょう，むね
脅,きょうはくのきょう，おどす
興,きょうみのきょう
蕎,しょくぶつのそば，きょう
郷,うまれこきょうのきょう
鏡,かがみ，そうがんきょうのきょう
響,おんきょうのきょう，ひびく
饗,きょうえんのきょう，もてなす
驚,おどろく，きょうたんのきょう
仰,ぎょうてんするのぎょう，あおぐ
凝,こる，ぎょうこするのぎょう
尭,ぎょうしゅんのぎょう
暁,あかつき
業,じゅぎょうのぎょう
局,ゆうびんきょくのきょく
曲,きょくせんのきょく，まがる
極,ほっきょくのきょく
玉,みずたまのたま，ぎょく
桐,きりのたんすのきり
粁,きょりのたんいのきろめーとる
僅,わずか，きんさのきん
勤,きんむのきん
均,へいきんのきん
巾,ぞうきんのきん，はば
錦,にしき，きん
斤,しょくぱんいっきんのきん
欣,きんきじゃくやくのきん，よろこぶ
欽,きんていけんぽうのきん
琴,もっきんのきん，こと
禁,きんしするのきん
禽,もうきんるいのきん
筋,きんにくのきん，すじ
緊,きんきゅうのきん
芹,しょくぶつのせり
菌,さっきんするのきん
衿,えり，ころもへんにいま
襟,えりまきのえり
謹,きんがしんねんのきん
近,きんじょのきん，ちかい
金,きんようびのきん，かね
吟,ぎんみするのぎん
銀,ぎんいろのぎん
九,かんすうじのきゅう
倶,くらぶのく
句,はいくのく
区,くべつのく
狗,てんぐのく，いぬ
玖,おうへんにひさしいのく
矩,くけいのく
苦,くろうのく，くるしい
躯,たいくのく，み
駆,よんりんくどうのく，かける
駈,かける，うまへんにおか
駒,こま，うまへんにはいくのく
具,どうぐのぐ
愚,ぐちのぐ，おろか
虞,ぐびじんそうのぐ
喰,くちへんにたべるのくう
空,くうきのくう，そら
偶,ぐうぜんのぐう
寓,ぐうわのぐう
遇,ゆうぐうするのぐう
隅,よすみのすみ，ぐう
串,くしかつのくし
櫛,かみをとかすくし
釧,くしろ，こんせんげんやのせん
屑,くずいれのくず
屈,りくつのくつ
掘,ほる，はっくつのくつ
窟,どうくつのくつ
沓,くつ，みずのしたにひ
靴,くつしたのくつ，か
轡,くつわ
窪,くぼむ，くぼちのくぼ
熊,どうぶつのくま
隈,くま，かいわいのわい
粂,くめ，ひさしいのしたにこめ
栗,くりのきのくり
繰,くる，くりかえしのくり
桑,くわのきのくわ，そう
鍬,のうぐのくわ，かねへんにあき
勲,くんしょうのくん，いさお
君,しょくんのくん，きみ
薫,くんぷうのくん，かおる
訓,くんれんのくん
群,ぐんしゅうのぐん，むれ
軍,ぐんたいのぐん
郡,ちめいのぐん，こおり
卦,はっけのけ
袈,おぼうさんのけさのけ
祁,しめすへんにおおざとのき
係,かんけいのけい，かかり
傾,かたむく，けいこうのけい
刑,けいむしょのけい
兄,あにおとうとのあに
啓,けいはつのけい
圭,つちふたつのけい
珪,おうへんにつちふたつのけい，けいそうどのけい
型,もけいのけい，かた
契,けいやくするのけい
形,ちょうほうけいのけい，かたち
径,えんのはんけいのけい
恵,めぐむ，ちえのえ
慶,けいちょうきゅうかのけい，よろこぶ
慧,けいがんのけい，さとい
憩,きゅうけいのけい，いこう
掲,けいじばんのけい，かかげる
携,けいたいのけい，たずさえる
敬,そんけいのけい，うやまう
景,ふうけいのけい
桂,げっけいじゅのけい，かつら
渓,けいりゅうづりのけい
畦,あぜみちのあぜ，たにつちふたつ
稽,けいこする
系,たいようけいのけい
経,けいけんするのけい
継,けいぞくするのけい，つぐ
繋,けいりゅうするのけい，つなぐ
罫,けいせんをひくのけい
茎,くき，ちかけいのけい
荊,くさかんむりにけいむしょのけい，いばら
蛍,ほたる，けいこうとうのけい
計,とけいのけい，はかる
詣,もうでる，さんけいするのけい
警,けいさつのけい
軽,かるいおもいのかるい，けい
頚,くび，けい
鶏,にわとり，ようけいのけい
芸,げいじゅつのげい
迎,かんげいするのげい，むかえる
鯨,くじら，ほげいのげい
劇,にんぎょうげきのげき
戟,しげきするのげき，ほこ
撃,こうげきのげき，うつ
激,かげきのげき，はげしい
隙,すきまのすき，げき
桁,けたはずれのけた
傑,ごうけつのけつ
欠,ほけつのけつ，かける
決,たすうけつのけつ，きめる
潔,せいけつのけつ
穴,あなをほるのあな
結,けつろんのけつ
血,けつえきのけつ，ち
訣,けつべつのけつ，わかれる
月,げつようびのげつ，つき
件,じょうけんのけん
倹,けんやくするのけん
倦,けんたいかんのけん，うむ
健,けんこうのけん，すこやか
兼,かねる，けんぎょうのけん
券,じょうしゃけんのけん
剣,けんどうのけん，つるぎ
喧,けんかりょうせいばいのけん
圏,しゅとけんのけん
堅,けんじつなのけん，かたい
嫌,きらう，けんおのけん
建,けんちくのけん，たてる
憲,けんぽうきねんびのけん
懸,いっしょうけんめいのけん，かける
拳,けんじゅうのけん，こぶし
捲,まくる，けんどじゅうらいのけん
検,けんさのけん
権,けんりのけん
牽,けんいんするのけん
犬,いぬ，もうどうけんのけん
献,けんけつするのけん
研,けんきゅうのけん
硯,すずり
絹,きぬいとのきぬ
県,とどうふけんのけん
肩,かたこりのかた，けん
見,みる，けんぶつのけん
謙,けんそんするのけん
賢,けんじゃのけん，かしこい
軒,いっけんやのけん，のき
遣,はけんするのけん，つかわす
鍵,かぎ，けんばんのけん
険,ぼうけんのけん，けわしい
顕,けんびきょうのけん，あきらか
験,にゅうがくしけんのけん
鹸,こなせっけんのけん
元,げんきのげん，もと
原,げんいんのげん，はら
厳,げんじゅうなのげん，きびしい
幻,まぼろし，げんそうのげん
弦,げんがっきのげん，つる
減,げんしょうするのげん，へる
源,すいげんのげん，みなもと
玄,げんまいのげん
現,げんじつのげん，あらわれる
絃,げん，いとへんにげんまいのげん
舷,うげんさげんのげん，ふなばた
言,げんごのげん，いう
諺,ことわざ，げん
限,げんかいのげん，かぎる
乎,こ，よぶのつくり
個,こせいてきのこ
古,ふるい，こだいのこ
呼,こきゅうするのこ，よぶ
固,こたいのこ，かたい
姑,こそくのこ，しゅうとめ
孤,こどくのこ
己,じこしょうかいのこ，おのれ
庫,れいぞうこのこ
弧,こをえがくのこ
戸,とじまりのと，こ
故,こきょうのこ，ゆえ
枯,かれる，こかつするのこ
湖,こはんのこ，みずうみ
狐,きつね
糊,のりづけののり，こ
袴,はおりはかまのはかま
股,こかんせつのこ，また
胡,くろこしょうのこ
菰,こもかぶりのこも，くさかんむりにこどくのこ
虎,とら，もうこのこ
誇,ほこり，こちょうするのこ
跨,こせんきょうのこ，またぐ
鈷,かねへんにふるいのこ
雇,やとう，こようするのこ
顧,こもんのこ，かえりみる
鼓,たいこのこ，つづみ
五,かんすうじのご
互,ごかくのご，たがい
伍,らくごするのご，にんべんにかんすうじのご
午,しょうごのご
呉,ごふくやのご，くれ
吾,われ，ご，かんすうじのごのしたにくち
娯,ごらくのご
後,うしろ，ぜんごのご
御,おんちゅうのおん，ごはんのご
悟,さとる，かくごのご
梧,ご，きへんにわれ，あおぎり
檎,りんごのご
瑚,さんごしょうのご
碁,ごいしのご
語,こくごのご，かたる
誤,ごかいするのご，あやまり
護,ほごしゃのご
醐,だいごみのご
乞,こう，あまごいするのこう
鯉,こいのぼりのこい
交,こうつうのこう，まじわる
佼,にんべんにまじわるのこう
侯,おうこうきぞくのこう
候,りっこうほのこう
倖,ぎょうこうのこう，にんべんにさち
光,ひかり，にっこうのこう
公,しゅじんこうのこう，おおやけ
功,ふせいこうのこう
効,こうかてきのこう
勾,きゅうこうばいのこう
厚,あつがみのあつ
口,くちぶえのくち，こう
向,こうじょうするのこう，むかう
后,こうごうのごう，きさき
喉,のどぼとけののど，こう
坑,たんこうのこう，あな
垢,てあかのあか，こう
好,だいすきのすき，こう
孔,こうしもうしのこう
孝,おやふこうのこう
宏,うかんむりになむのこう
工,ずこうのこう
巧,ぎこうてきなのこう，たくみ
巷,ちまたのこえのちまた，こう
幸,こうふくのこう，しあわせ
広,ひろばのひろ，こう
庚,こうしんづかのこう，かのえ
康,けんこうのこう，いえやすのやす
弘,こうぼうたいしのこう，ひろい
恒,こうおんどうぶつのこう，つねに
慌,あわてる，きょうこうのこう
抗,ていこうするのこう
拘,こうそくじかんのこう
控,こうじょするのこう，ひかえる
攻,こうげきのこう，せめる
昂,げきこうするのこう
晃,にちようびのにちのしたにひかり，あきら
更,へんこうのこう，さらに
杭,くいをうつのくい
校,がっこうのこう
梗,のうこうそくのこう
構,こうぞうのこう，かまえる
江,えどじだいのえ
洪,こうずいのこう
浩,こうぜんのこう，さんずいにつげる
港,くうこうのこう，みなと
溝,みぞ，はいすいこうのこう
甲,こうおつのこう
皇,こうたいしのこう
硬,ひゃくえんこうかのこう，かたい
稿,げんこうようしのこう
糠,ぬかづけのぬか
紅,こうちゃのこう，べに
紘,はっこういちうのこう
絞,しぼる，こうしゅけいのこう
綱,つなひきのつな，こう
耕,たがやす，のうこうのこう
考,かんがえる，さんこうしょのこう
肯,こうていひていのこう
肱,ここうのしんのこう，ひじ
腔,こうくうげかのくう，にくづきにそら
膏,なんこうをぬるのこう
航,こうくうきのこう
荒,あれる，こうやのこう
行,りょこうのこう，いく
衡,へいこうかんかくのこう
講,こうしゅうかいのこう
貢,しゃかいこうけんするのこう，みつぐ
購,こうにゅうするのこう
郊,とうきょうきんこうのこう
酵,こうぼきんのこう
鉱,てっこうせきのこう
砿,いしへんにひろいのこう
鋼,こうてつのこう，はがね
閤,たいこうきのこう
降,ゆきがふるのふる，こう
項,こうもくのこう，きょうつうこうのこう
香,こうしんりょうのこう，かおり
高,たかい，さいこうのこう
鴻,こうこくのこころざしのこう，おおとり
剛,しつじつごうけんのごう
劫,みらいえいごうのごう
号,ばんごうのごう
合,ごうかくのごう，あう
壕,ぼうくうごうのごう
拷,ごうもんするのごう
濠,ごう，さんずいにごうかいなのごう
豪,ごうかいなのごう
轟,ごうおんのごう，とどろく
麹,こうじきんのこうじ
克,こくふくするのこく，かつ
刻,じこくのこく，きざむ
告,こうこくのこく，つげる
国,こくごのこく，くに
穀,こくもつのこく
酷,ざんこくのこく，ひどい
鵠,こうこくのこころざしのこく
黒,こくばんのこく，くろ
獄,じごくのごく
漉,ちゃこしのこす
腰,ようつうのよう，こし
甑,ものをむすこしき
忽,こつぜんのこつ，たちまち
惚,ほれる，こうこつのこつ
骨,がいこつのこつ，ほね
狛,こまいぬのこま，けものへんにしろ
込,もうしこむのこむ
此,ひがんしがんのし，この
頃,ころあいのころ
今,こんげつのこん，いま
困,こんなんのこん，こまる
坤,けんこんのこん，つちへんにもうす
墾,かいこんちのこん
婚,けっこんするのこん
恨,うらみ，つうこんのこん
懇,こんしんかいのこん，ねんごろ
昏,こんすいするのこん
昆,こんちゅうのこん
根,だいこんのこん，ね
梱,こんぽうするのこん
混,こんざつのこん
痕,こんせきをのこすのこん
紺,こんいろのこん
艮,うしとらのこん
魂,たましい，しんこんのこん
些,ささいのさ，いささか
佐,ほさするのさ
叉,やしゃのしゃ
唆,しさするのさ
嵯,さがてんのうのさ
左,ひだり，さゆうのさ
差,さべつかするのさ
査,けんさのさ
沙,ごぶさたのさ，さんずいにすくない
瑳,せっさたくまのさ，おうへんにさ
砂,さとうのさ，すな
詐,さぎしのさ
鎖,さこくのさ，くさり
裟,おぼうさんのけさのさ
坐,ざせきのざからまだれをとったざ，すわる
座,ざせきのざ，すわる
挫,ねんざのざ，くじく
債,さいむをおうのさい
催,もよおす，かいさいのさい
再,ふたたび，さい
最,さいしょのさい，もっとも
哉,ぜんざいのさい，かな
塞,のうこうそくのそく，ふさがる
妻,ふさいのさい，つま
宰,そうりをいみするさいしょうのさい
彩,しきさいのさい，いろどる
才,さいのうのさい
採,さいようのさい，とる
栽,さいばいするのさい
歳,さいげつのさい，とし
済,きゅうさいするのさい，すます
災,さいなんのさい，わざわい
采,はくしゅかっさいのさい
犀,どうぶつのさい
砕,くだく，ふんさいするのさい
砦,とりで，これのしたにいし
祭,さいじつのさい，まつり
斎,しょさいにこもるのさい
細,ほそいふといのほそい，さい
菜,やさいのさい，な
裁,さいばんのさい，さばく
載,れんさいのさい，のせる
際,じっさいのさい
剤,やくざいしのざい
在,そんざいのざい
材,ざいりょうのざい
罪,はんざいのざい，つみ
財,ざいさんのざい
冴,めがさえるのさえる
坂,さかみちのさか
阪,おおさかのさか，はん
堺,おおさかふさかいしのさかい
榊,しょくぶつのさかき，きへんにかみさまのかみ
肴,しゅこうのこう，さかな
咲,はながさくのさく
崎,ながさきのさき
埼,さいたまけんのいちもじめのさき
碕,いしへんにきみょうなのき
鷺,しらさぎのさぎ
作,さくぶんのさく，つくる
削,さくげんするのさく，けずる
咋,さくねんのさくのひへんのかわりにくちへん
搾,さくしゅのさく，しぼる
昨,さくねんのさく
朔,さくじつのさく，ついたち
柵,さくでかこむのさく
窄,しやきょうさくのさく，すぼまる
策,さくりゃくのさく
索,さくいんのさく
錯,さくらんするのさく
桜,さくら
鮭,さけ，さかなへんにつちふたつ
笹,しょくぶつのささ
匙,さじかげんのさじ
冊,いっさつにさつのさつ
刷,いんさつのさつ，する
察,けいさつのさつ
拶,あいさつのさつ
撮,さつえいするのさつ，とる
擦,まさつのさつ，する
札,なふだのふだ，さつ
殺,さつじんのさつ，ころす
薩,さつまはんのさつ
雑,ざつおんのざつ
皐,しょくぶつのさつき
鯖,さば，さかなへんにあお
捌,うりさばくのさばく，てへんにわかれる
錆,さびどめのさび
鮫,さめ，さかなへんにまじわる
皿,さらうどんのさら
晒,さらしもめんのさらし
三,かんすうじのさん
傘,らっかさんのさん，かさ
参,さんかするのさん，まいる
山,やま，さんみゃくのさん
惨,ざんぱいするのざん，みじめ
撒,みずをまくのまく，さん
散,さんぽのさん，ちる
桟,さんばしのさん
燦,さんぜんとかがやくのさん
珊,さんごしょうのさん
産,ざいさんのさん
算,さんすうのさん
纂,じしょをへんさんするのさん
蚕,ようさんのさん，かいこ
讃,ごんべんのついたさんびかのさん
賛,さんせいするのさん
酸,さんそのさん
餐,ばんさんのさん
斬,ざんしんなのざん，きる
暫,ざんていてきのざん，しばらく
残,ざんねんのざん，のこる
仕,しごとのし，つかえる
仔,しさいなのし，にんべんにこどものこ
伺,しんたいうかがいのうかがい
使,しようするのし，つかう
刺,しげきするのし，さす
司,しかいしゃのし
史,れきしてきのし
嗣,よつぎのつぎ，せいしのし
四,かんすうじのよん
士,べんごしのし
始,かいしするのし，はじめる
姉,あね，しまいのし
姿,すがた，しせいのし
子,こどものこ
屍,しかばね
市,しやくしょのし，いち
師,ぼくしのし
志,こころざす，いしのし
思,ふしぎのし，おもう
指,しどうするのし，ゆび
支,しえんするのし，ささえる
孜,つとむ，こへんにのぶん
斯,しかいのけんいのし，かく
施,しせつのし，ほどこす
旨,ろんしをのべるのし，むね
枝,きのえだのえだ
止,きんしするのし，とめる
死,しぼうのし，しぬ
氏,しめいのし，うじ
獅,ししまいのいちもじめのし
祉,しゃかいふくしのし
私,してつのし，わたし
糸,けいとのいと，し
紙,がようしのし，かみ
紫,しがいせんのし，むらさき
肢,せんたくしのし
脂,しぼうのし，あぶら
至,しきゅうのし，いたる
視,しりょくけんさのし
詞,さくしさっきょくのし
詩,しをつくるのし
試,しあいのし，こころみる
誌,ざっしのし
諮,しもんするのし，はかる
資,しげんのし
賜,おんしのし，たまわる
雌,おすめすのめす，し
飼,しいくのし，かう
歯,はぶらしのは，し
事,じけんのじ，こと
似,るいじのじ，にる
侍,じじゅうのじ，さむらい
児,じどうせいとのじ
字,ろーまじのじ
寺,てら，じいんのじ
慈,じひぶかいのじ，いつくしむ
持,じぞくするのじ，もつ
時,じかんのじ，とき
次,もくじのじ，つぎ
滋,じようきょうそうのじ
治,せいじのじおさめる
爾,そつじながらのじ，なんじ
璽,ぎょめいぎょじのじ
痔,いぼじのじ
磁,じしゃくのじ
示,てんじするのじ，しめす
而,しこうして，けいじじょうのじ
耳,みみ，じびかのじ
自,じてんしゃのじ，みずから
蒔,たねをまくのまく
辞,こくごじてんのじ
汐,ちょうせきのせき，しお
鹿,どうぶつのしか
式,にゅうがくしきのしき
識,ちしきのしき
鴫,しぎやきのしぎ
竺,てんじくのじく
軸,かけじくのじく
宍,しし，うかんむりにかんすうじのろく
雫,しずく，あめかんむりにした
七,かんすうじのなな
叱,しかる，しっせきするのしつ
執,しつじのしつ，とる
失,しつれんのしつうしなう
嫉,しっとするのしつ，そねむ
室,きょうしつのしつ
悉,しっかいのしつ，ことごとく
湿,しつどのしつ，しめる
漆,うるしぬりのうるし，しつ
疾,しっぺいのしつ
質,しつもんのしつ
実,じつりょくのじつ，み
蔀,しとみ，くさかんむりにぶちょうのぶ
篠,しのだけのしの
偲,こじんをしのぶのしのぶ
柴,しばいぬのしば，たきぎのしば
芝,しばふのしば
屡,しばしば
蕊,めしべのしべ，ずい
縞,しまもようのしま
舎,がっこうのこうしゃのしゃ
写,しゃしんのしゃ，うつす
射,はんしゃのしゃ
捨,ししゃごにゅうのしゃ，すてる
赦,おんしゃのしゃ，ゆるす
斜,ななめ，しゃめんのしゃ
煮,にもののに，しゃふつのしゃ
社,しゃかいのしゃ，やしろ
紗,おりもののしゃ，いとへんにすくない
者,がくしゃのしゃ，もの
謝,かんしゃするのしゃ
車,くるま，でんしゃのしゃ
遮,しゃだんするのしゃ，さえぎる
蛇,へび，だいじゃのじゃ
邪,じゃまのじゃ，よこしま
借,しゃくようのしゃくかりる
勺,ようせきのたんいのしゃく，つつみがまえにてん
尺,しゃくはちのしゃく
杓,しゃくしじょうぎのしゃく
灼,しゃくねつのしゃく
爵,はくしゃくのしゃく
酌,ばんしゃくのしゃく
釈,しゃくほうするのしゃく
錫,きんぞくのすず，しゃく
若,わかもののわか
寂,せいじゃくのじゃく，さびしい
弱,きょうじゃくのじゃく，よわい
惹,じゃっきするのじゃく，ひく
主,しゅじんこうのしゅ，ぬし
取,しゅざいのしゅ，とる
守,しゅびのしゅ，まもる
手,てあしのて，しゅ
朱,しゅいろのしゅ
殊,とくしゅのしゅ，ことに
狩,しゅりょうのしゅ，かり
珠,しゅざんのしゅ，たま
種,しゅるいのしゅ，たね
腫,しゅようのしゅ，はれる
趣,しゅみのしゅ，おもむき
酒,さけ，にほんしゅのしゅ
首,しゅとのしゅ，くび
儒,じゅがくのじゅ
受,じゅけんのじゅ，うける
呪,のろう，じゅもんのじゅ
寿,ことぶき，じゅみょうのじゅ
授,じゅぎょうのじゅ，さずける
樹,じゅもくのじゅ
綬,しじゅほうしょうのじゅ，いとへんにうける
需,ひつじゅひんのじゅ
囚,しゅうじんのしゅう，とらわれる
収,しゅうにゅうのしゅう，おさめる
周,しゅうへんのしゅう，まわり
宗,しゅうきょうかいかくのしゅう
就,しゅうしょくのしゅう，つく
州,きゅうしゅうちほうのしゅう
修,しゅうりするのしゅう
愁,あいしゅうのしゅう，うれい
拾,おかねをひろうのひろう
洲,さんかくすのす，さんずいつき
秀,しゅうさいのしゅう，ひいでる
秋,あきまつりのあき，しゅう
終,しゅうぎょうしきのしゅう，おわる
繍,ししゅうするのしゅう
習,れんしゅうのしゅう，ならう
臭,くさい，あくしゅう
舟,ごえつどうしゅうのしゅう，ふね
蒐,くさかんむりにおにのしゅう
衆,しゅうぎいんのしゅう
襲,しゅうげきのしゅう，おそう
讐,ふくしゅうするのしゅう，あだ
蹴,ける，しゅうきゅうのしゅう
輯,へんしゅうのしゅう，くるまへんにくちにみみ
週,いっしゅうかんのしゅう
酋,しゅうちょうのしゅう
酬,ほうしゅうのしゅう
集,しゅうごうするのしゅう，あつまる
醜,しゅうたいのしゅう，みにくい
什,じゅうきのじゅう，にんべんにかんすうじのじゅう
住,じゅうしょのじゅう，すむ
充,じゅうじつのじゅう
十,かんすうじのじゅう
従,じゅうじするのじゅう，したがう
戎,えびす，ほこがまえのじゅう
柔,じゅうどうのじゅう，やわらかい
汁,みそしるのしる，かじゅうのじゅう
渋,じゅうたいするのじゅう，しぶい
獣,やじゅうのじゅう，けもの
縦,たてよこのたて，じゅう
重,たいじゅうのじゅう，おもい
銃,けんじゅううのじゅう
叔,おじおばのしゅく
夙,つとに，しゅく
宿,しゅくはくのしゅく，やど
淑,しゅくじょのしゅく
祝,しゅくじつのしゅく，いわう
縮,たんしゅくのしゅく，ちぢむ
粛,げんしゅくなのしゅく
塾,がくしゅうじゅくのじゅく
熟,じゅくごのじゅく，じゅくする
出,でる，がいしゅつのしゅつ
術,げいじゅつのじゅつ
述,じゅつごのじゅつ，のべる
俊,しゅんびんさのしゅん
峻,きゅうしゅんなのしゅん
春,はるやすみのはる，しゅん
瞬,しゅんかんのしゅん，またたく
竣,しゅんこうしきのしゅん
舜,ぎょうしゅんのしゅん
駿,しゅんめのしゅん
准,ひじゅんするのじゅん
循,あくじゅんかんのじゅん
旬,げじゅんのじゅん
楯,きへんにむじゅんのじゅん，たて
殉,じゅんきょうしゃのじゅん
淳,じゅん，さんずいにきょうらくてきなのきょう
準,じゅんびするのじゅん
潤,りじゅんのじゅん，うるおう
盾,むじゅんのじゅん，たて
純,じゅんすいのじゅん
巡,じゅんかいのじゅん，めぐる
遵,じゅんしゅするのじゅん，しんにょうにそんけいのそん
醇,ほうじゅんなかおりのじゅん
順,じゅんばんのじゅん
処,しょぶんのしょ
初,さいしょのしょ，はじめて
所,じゅうしょのしょ，ところ
暑,あついさむいのあつい，しょ
曙,あけぼの，しょ
渚,なぎさ，しょ
庶,しょみんのしょ
緒,ないしょのしょ
署,しょめいするのしょ
書,きょうかしょのしょ，かく
薯,ばれいしょのしょ，いも
藷,くさかんむりにしょくんのしょ
諸,しょくんのしょ
助,きゅうじょのじょ，たすける
叙,じじょでんのじょ
女,おんな，じょしのじょ
序,じゅんじょのじょ
徐,じょこうするのじょ
恕,かんじょのじょ，ゆるす
鋤,のうぐのすき，かねへんにたすける
除,じょがいのじょ，のぞく
傷,きず，じゅうしょうのしょう
償,ばいしょうきんのしょう，つぐなう
勝,かちまけのかち，しょう
匠,きょしょうのしょう，たくみ
升,いっしょうびんのしょう，ます
召,しょうしゅうするのしょう，めす
哨,ぜんしょうせんのしょう
商,しょうばいのしょう
唱,がっしょうのしょう，となえる
嘗,がしんしょうたんのしょう，なめる
奨,しょうがくきんのしょう
妾,めかけ，しょう
娼,しょうふのしょう，おんなへんにひがふたつ
宵,よいのくちのよい
将,しょうぐんのしょう
小,だいしょうのしょう，ちいさい
少,おおいすくないのしょう，しょう
尚,おしょうさんのしょう
庄,しょうやのしょう
床,とこやのとこ，しょう
廠,かいぐんこうしょうのしょう
彰,ひょうしょうじょうのしょう
承,しょうだくするのしょう
抄,こせきしょうほんのしょう
招,まねく，しょうたいするのしょう
掌,しょうあくするのしょう，てのひら
捷,びんしょうなのしょう
昇,しょうかくするのしょう，のぼる
昌,しょう，にちのしたににち
昭,しょうわうまれのしょう
晶,すいしょうだまのしょう
松,まつのきのまつ，しょう
梢,まっしょうしんけいのしょう，こずえ
樟,しょうのうのしょう，くす
樵,きこり
沼,ぬまちのぬま，しょう
消,しょうぼうしゃのしょう，けす
渉,だんたいこうしょうのしょう
湘,しょうなんかいがんのしょう
焼,にくをやくのやく
焦,しょうてんきょりのしょう
照,しょうめいのしょう，てらす
症,かふんしょうのしょう
省,しょうりゃくするのしょう，はぶく
硝,しょうさんえんのしょう
礁,さんごしょうのしょう
祥,ふしょうじのしょう
称,いちにんしょうのしょう
章,ぶんしょうをよむのしょう
笑,えがおのえ，わらう
粧,おけしょうのしょう
紹,じこしょうかいのしょう
肖,しょうぞうがのしょう
菖,はなしょうぶのしょう
蒋,くさかんむりにしょうぐんのしょう
蕉,みずばしょうのしょう
衝,しょうとつするのしょう
裳,いしょうのしょう，もすそ
訟,そしょうのしょう
証,しょうめいしょのしょう
詔,しょうちょくのしょう，みことのり
詳,しょうさいのしょう，くわしい
象,"いんしょうてきのしょう,ぞう"
賞,のーべるしょうのしょう
醤,しょうゆのしょう，ひしお
鉦,しょうこのしょう，かねへんにただしい
鍾,しょうにゅうどうのしょう
鐘,けいしょうをならすのしょう，かね
障,しょうがいぶつのしょう
鞘,かたなのさや，しょう
上,じょうげのじょう，うえ
丈,だいじょうぶのじょう，たけ
丞,だいじんをいみするじょうしょうのじょう
乗,じょうしゃするのじょう，のる
冗,じょうだんをいうのじょう
剰,じしんかじょうのじょう
城,じょうかまちのじょう，しろ
場,ばしょのば，じょう
壌,どじょうかいりょうのじょう
嬢,おじょうさまのじょう
常,ひじょうぐちのじょう
情,ゆうじょうのじょう，なさけ
擾,じょうらんのじょう，てへんにゆううつのゆう
条,じょうけんのじょう
杖,はくじょうのじょう，つえ
浄,じょうすいきのじょう
状,ねんがじょうのじょう
畳,たたみ，よじょうはんのじょう
穣,ごこくほうじょうのじょう
蒸,じょうきのじょう，むす
譲,じょうほするのじょう，ゆずる
醸,じょうぞうするのじょう，かもす
錠,てじょうのじょう
嘱,しょくたくするのしょく
埴,はにわのはに
飾,そうしょくひんのしょく，かざり
拭,ふっしょくのしょく，ぬぐう
植,しょくぶつのしょく，うえる
殖,ようしょくするのしょく，ふやす
燭,しょくだいのしょく，ろうそくのそく
織,そしきのしき
職,しょくぎょうのしょく
色,いろえんぴつのいろ，しょく
触,せっしょくするのしょく，ふれる
食,たべる，きゅうしょくのしょく
蝕,にっしょくのしょく，むしばむ
辱,ぶじょくするのじょく，はずかしめる
尻,しりごみするのしり
伸,しんしゅくのしん，のびる
信,しんごうきのしん
侵,しんりゃくのしん，おかす
唇,くちびる，しん
娠,にんしんするのしん
寝,しんしつのしん，ねる
審,しんさするのしん
心,こころ，あんしんのしん
慎,しんちょうなのしん，つつしむ
振,さんしんするのしん，ふる
新,あたらしい，しんぶんのしん
晋,ちゅうごくのこくめいのしん，すすむ
森,しんりんのしん，もり
榛,しょくぶつのはしばみ
浸,しんとうするのしん，ひたす
深,しんこくなのしん，ふかい
申,しんこくするのしん，もうす
疹,ふうしんのしん
真,まごころのま，しん
神,かみさまのかみ，しん
秦,しんのしこうていのしん
紳,しんしてきなのしん
臣,そうりだいじんのじん
芯,えんぴつのしんのしん
薪,たきぎ，まきわりのまき
親,おや，りょうしんのしん
診,しんさつするのしん，みる
身,しんちょうたいじゅうのしん，み
辛,こうしんりょうのしん，からい
進,しんぽのしん，すすむ
針,ほうしんのしん，はり
震,じしんのしん，ふるえる
人,ひと，にんげんのにん
仁,じんぎのじん，におうのに
刃,はもののは，やいば
塵,ふんじんのじん，ちり
壬,じんしんのらんのじん
尋,じんもんするのじん，たずねる
甚,じんだいなのじん，はなはだしい
尽,じんりょくするのじん，つくす
腎,じんぞうびょうのじん
訊,じんもんのじん，とう
迅,じんそくなのじん
陣,しゅつじんするのじん
靭,きょうじんなのじん
笥,たんすのす
諏,すわこのす
須,ひっすのす，すべからく
酢,すのもののす
図,としょかんのと，ず
厨,ちゅうぼうのちゅう，くりや
逗,とうりゅうするのとう，しんにょうにまめ
吹,すいそうがくのすい，ふく
垂,すいちょくのすい，たれる
帥,だいげんすいのすい
推,すいせんするのすい，おす
水,すいようびのすい，みず
炊,すいはんきのすい，たく
睡,すいみんのすい
粋,じゅんすいなのすい，いき
翠,ひすいのすい
衰,すいじゃくするのすい，おとろえる
遂,すいこうするのすい，とげる
酔,よう，でいすいのすい
錐,しかくすいのすい
錘,ぼうすいけいのすい，おもり
随,ずいひつのずい
瑞,ずいうんのずい，しるし
髄,せきずいのずい
崇,すうはいするのすう，あがめる
嵩,かさあげするのかさ
数,さんすうのすう，かず
枢,ちゅうすうのすう
趨,すうせいのすう
雛,ひなまつりのひな
据,すえる，すえおきのすえ
杉,すぎのきのすぎ
椙,すぎ，きへんににちがふたつ
菅,すげがさのすげ，かん
頗,すこぶる
雀,すずめ，じゃく
裾,すそののすそ
澄,みずがすむのすむ
摺,てすりあしすりのすり
寸,すんぽうのすん
世,せかいのせ，よ
瀬,せともののせ
畝,はたけのうね，めんせきのたんいのせ
是,ぜひのぜ
凄,せいさんなのせい，すごい
制,せいげんするのせい
勢,せいりょくのせい，いきおい
姓,せいめいはんだんのせい
征,えんせいぐんのせい
性,こせいてきのせい
成,せいちょうするのせい，なる
政,せいじかのせい
整,せいりするのせい，ととのえる
星,ほし，せいざのせい
晴,はれ，せいてんのせい
棲,どうせいするのせい，すむ
栖,すむ，せい，きへんににし
正,ただしい，しょうがつのしょう
清,せいけつのせい，きよい
牲,ぎせいしゃのせい
生,いきる，せいかつのせい
盛,おおもりのもり，せい
精,せいしんてきのせい
聖,せいかりれーのせい
声,こえ，おんせいのせい
製,せいぞうするのせい
西,にしひがしのにし，せい
誠,せいじつなのせい，まこと
誓,ちかう，せいやくしょのせい
請,せいきゅうしょのせい，こう
逝,せいきょするのせい，ゆく
醒,かくせいざいのせい，さめる
青,あおい，せいしゅんのせい
静,れいせいのせい，しずか
斉,いっせいしゃげきのせい
税,ぜいきんのぜい
脆,ぜいじゃくなのぜい，もろい
隻,ふねいっせきのせき
席,ざせきのせき
惜,おしむ，せきはいのせき
戚,とおいしんせきのせき
斥,はいせきするのせき，しりぞける
昔,むかしばなしのむかし
析,ぶんせきするのせき
石,ほうせきのせき，いし
積,めんせきのせき，つもる
籍,こくせきのせき
績,せいせきひょうのせき
脊,せきずいのせき
責,せきにんのせき
赤,あかんぼうのあか，せき
跡,ついせきするのせき，あと
蹟,きせきのせき，あしへんにせきにんのせき
碩,せきがくのせき，いしへんにぺーじ
切,たいせつのせつ，きる
拙,ちせつのせつ，つたない
接,せつぞくするのせつ
摂,せっせいするのせい，とる
折,こっせつのせつ，おる
設,せつびのせつ
窃,せっとうはんのせつ
節,きせつのせつ，ふし
説,せつめいのせつ，とく
雪,ゆきだるまのゆき，せつ
絶,ぜったいてきのぜつ
舌,したをかむのした
蝉,せみしぐれのせみ
仙,せんにんのせん，にんべんにやま
先,せんせいのせん，さき
千,かんすうじのせん
占,どくせんするのせん，しめる
宣,せんでんのせん
専,せんもんのせん
尖,とがる，せんえいのせん
川,かせんのせん，かわ
戦,せんそうのせん，たたかう
扇,せんぷうきのせん，おうぎ
撰,ちょくせんわかしゅうのせん，えらぶ
栓,せんぬきのせん
栴,しょくぶつのせんだんのせん
泉,おんせんのせん，いずみ
浅,あさいふかいのあさい
洗,せんたくもののせん，あらう
染,せんしょくのせん，そめる
潜,せんすいかんのせん，もぐる
煎,せんちゃのせん，いる
煽,あおる，せんどうするのせん
旋,せんかいするのせん
穿,うがつ，せんこうするのせん
箭,せん，たけかんむりにまえ
線,せんろのせん
繊,かがくせんいのせん
羨,せんぼうするのせん，うらやむ
腺,こうじょうせんのせん
舛,そむくをいみするせん，ます
船,ふね，せんちょうのせん
薦,すいせんじょうのせん，すすめる
詮,せんさくするのせん
賎,いやしい，せん
践,じっせんするのせん
選,せんきょのせん，えらぶ
遷,させんするのせん
銭,つりせんのせん
銑,せんてつのせん，かねへんにさき
閃,ひらめき，せんこうのせん
鮮,しんせんなのせん，あざやか
前,まえ，ぜんごのぜん
善,ぜんあくのぜん，よい
漸,ぜんぞうするのぜん，ようやく
然,だいしぜんのぜん
全,ぜんこくのぜん，まったく
禅,ざぜんのぜん
繕,しゅうぜんするのぜん，つくろう
膳,あげぜんすえぜんのぜん
糎,ながさのたんいのせんちめーとる
噌,みそのそ
塑,かそせいのそ
岨,けんそのそ，やまへんにかつ
措,そちするのそ
曾,きそじのそのきゅうじ
曽,きそじのそ
楚,しめんそかのそ
狙,そげきのそ，ねらう
疏,そすいのそ，べんそのそ
疎,かそちのそ
礎,きそてきなのそ，いしずえ
祖,そせんのそ
租,そぜいのそ
粗,そまつなのそ，あらい
素,そしつのそ
組,くみ，そしきのそ
蘇,そせいするのそ，よみがえる
訴,うったえる，そしょうのそ
阻,そしするのそ，はばむ
遡,さかのぼる，そじょうするのそ
鼠,ねずみ
僧,そうりょのそう
創,そうりつするのそう
双,そうがんきょうのそう
叢,そうしょのそう，くさむら
倉,そうこのそう，くら
喪,もちゅうのも
壮,そうだいなのそう
奏,えんそうするのそう，かなでる
爽,さわやか，そうかいなのそう
宋,ちゅうごくのこくめいのそう
層,こうそうびるのそう
匝,そう，はこがまえにはば
惣,おそうざいのそう
想,かんそうぶんのそう
捜,そうさじょうのそう，さがす
掃,そうじするのそう，はく
挿,そうにゅうするのそう，さす
掻,ひっかくのかく，かっかそうようのそう
操,そうじゅうするのそう，あやつる
早,そうちょうのそう，はやい
曹,そうとうしゅうのそう
巣,はちのすのす
槍,やりなげのやり
槽,よくそうのそう
漕,こぐ，そうていのそう
燥,かんそうきのそう
争,きょうそうのそう，あらそう
痩,やせる，そうしんのそう
相,そうだんするのそう，あい
窓,まどぐちのまど，そう
糟,かす，そうこうのつまのそう
総,そうりだいじんのそう
綜,さくそうするのそう，いとへんにしゅうきょうのしゅう
聡,そうめいなのそう，さとい
草,くさ，そうげんのそう
荘,べっそうちのそう
葬,そうしきのそう，ほうむる
蒼,がんめんそうはくのそう，あおい
藻,うみのもくずのも，そう
装,ふくそうのそう
走,はしる，きょうそうのそう
送,ほうそうきょくのそう，おくる
遭,そうなんするのそう
鎗,やり，かねへんにくら，そう
霜,しもばしらのしも
騒,さわぐ，そうおんのそう
像,ぶつぞうのぞう
増,ぞうかするのぞう，ふえる
憎,にくむ，ぞうおのぞう
臓,しんぞうかんぞうのぞう
蔵,れいぞうこのぞう
贈,ぞうとうひんのぞう，おくる
造,かいぞうのぞう，つくる
促,さいそくするのそく，うながす
側,りょうがわのがわ，そく
則,ほうそくのそく
即,そくざにのそく，すなわち
息,いきをするのいき，そく
捉,とらえる，てへんにあし
束,やくそくのそく
測,そくていのそく，はかる
足,あし，えんそくのそく
速,そくどのそく，はやい
俗,ふうぞくのぞく
属,ふぞくのぞく
賊,さんぞくのぞく
族,すいぞくかんのぞく
続,れんぞくのぞく，つづく
卒,そつぎょうのそつ
袖,ふりそでのそで
其,そのたのそ
揃,そろえる
存,そんざいするのそん
孫,まごのてのまご，そん
尊,そんけいするのそん，とうとぶ
損,そんがいのそん
村,むら，しちょうそんのそん
遜,けんそんするのそん
他,たにんのた
多,おおいすくないのおおい，た
太,ふといほそいのふとい，たい
汰,しぜんとうたのた
詑,た，ごんべんにうかんむりにかたかなのひ
唾,だえきのだ，つば
堕,だらくするのだ
妥,だきょうするのだ
惰,たいだのだ
打,たげきのだ，うつ
柁,かじ，きへんにうかんむりにかたかなのひ
舵,かじ，そうだしゅのだ
楕,だえんけいのだ
陀,あみだぶつのだ
駄,だがしのだ
騨,ひだたかやまのだ
体,からだ，たいいくのたい
堆,たいせきぶつのたい
対,はんたいのたい
耐,にんたいのたい，たえる
岱,だいひょうのだいのしたにやま，たい
帯,けいたいのたい，おび
待,きたいするのたい，まつ
怠,たいまんのたい，なまける
態,たいどのたい
戴,たいかんしきのたい，いただく
替,ふりかえこうざのかえる
泰,あんたいのたい
滞,じゅうたいするのたい，とどこおる
胎,じゅたいするのじゅ
腿,だいたいこつのたい，もも
苔,しょくぶつのこけ，たい
袋,ふくろ，ゆうたいるいのたい
貸,ほんをかすのか
退,たいくつのたい
逮,たいほじょうのたい
隊,ぐんたいのたい
黛,まゆずみ
鯛,さかなのたい
代,だいひょうのだい，かわる
台,だいどころのだい
大,だいしょうのだい，おおきい
第,だいいちいんしょうのだい
醍,だいごみのだい
題,しゅくじゅだいのだい
鷹,とりのたか
滝,たきつぼのたき
瀧,たきのきゅうじ
卓,たっきゅうのたく
啄,たくぼくのたく，ついばむ
宅,じゅうたくのたく
托,たくはつのたく
択,せんたくしのたく
拓,かいたくするのたく
沢,こうたくのたく，さわ
濯,せんたくもののたく
琢,せっさたくまのたく，みがく
託,たくじしょのたく
鐸,どうたくのたく
濁,にごる，だくりゅうのだく
諾,しょうだくするのだく
茸,まつたけのたけ，きのこ
凧,たこあげのたこ
蛸,ぎょかいるいのたこ
只,ただいまのただ
叩,かたたきのたたく
但,ただしがきのただし
達,はいたつのたつ
辰,たつ，じゅうにしのたつ
奪,うばう，りゃくだつのだつ
脱,ぬぐ，だつぼうのだつ
巽,ほうがくのたつみ
竪,たてごとのたて
辿,たどる
棚,たなおろしのたな
谷,たにがわのたに，こく
狸,たぬき
鱈,たら，さかなへんにゆき
樽,たるざけのたる
誰,だれかさんのだれ
丹,たんねんなのたん
単,たんじゅんのたん
嘆,なげく，たんがんするのたん
坦,へいたんなみちのたん
担,たんにんのたん
探,たんけんのたん，さがす
旦,がんたんのたん
歎,なげく，たんにしょうのたん
淡,たんすいぎょのたん，あわい
湛,みずをたたえるのたん
炭,せきたんのたん，すみ
短,ちょうたんのたん，みじかい
端,たんまつのたん，はし
箪,たんすのたん
綻,はたんするのたん，ほころびる
耽,たんできするのたん，ふける
胆,だいたんなのたん
蛋,たんぱくしつのたん
誕,たんじょうびのたん
鍛,きたえる，たんれんのたん
団,だんたいこうどうのだん
壇,ぶつだんのだん
弾,だんりょくのだん，はずむ
断,はんだんのだん
暖,だんぼうのだん，あたたかい
檀,だんかのだん
段,しゅだんのだん
男,おとこ，だんしのだん
談,じょうだんをいうのだん
値,ねだんのね，あたい
知,ちしきのち，しる
地,ちきゅうのち
弛,ゆるむ，しかんするのし
恥,はじをかくのはじ
智,ち，しるのしたににちようびのにち
池,ちょすいちのち，いけ
痴,ぐちのち
稚,ようちえんのち
置,そうちのち，おく
致,いっちするのち，いたす
蜘,くも，むしへんにちしきのち
遅,おそい，ちこくのち
馳,ごちそうのち，はせる
築,けんちくのちく，きずく
畜,かちくのちく
竹,たけ，しょうちくばいのちく
筑,ちくぜんにのちく
蓄,ちょちくのちく
逐,ちくじのちく
秩,ちつじょのちつ
窒,ちっそのちつ
茶,ちゃいろのちゃ
嫡,ちゃくなんのちゃく
着,きもののき，ちゃく
中,ちゅうがくのちゅう，なか
仲,なかまのなか
宙,うちゅうせんのちゅう
忠,ちゅうこくするのちゅう
抽,ちゅうせんのちゅう
昼,ひるやすみのひる，ちゅう
柱,はしら，ちゅう
注,ちゅうもくするのちゅう，そそぐ
虫,むし，こんちゅうのちゅう
衷,わようせっちゅうのちゅう
註,ちゅうしゃくのちゅう，ごんべんにしゅじんこうのしゅ
酎,いもじょうちゅうのちゅう
鋳,ちゅうぞうするのちゅう，いる
駐,ちゅうしゃじょうのちゅう
樗,しょくぶつのおうち，ちょ
瀦,みずたまりをいみするちょ
猪,いのしし，ちょとつもうしんのちょ
苧,しょくぶつのからむし，ちょ
著,ちょしゃのちょ，いちじるしい
貯,ちょきんのちょ，たくわえる
丁,いっちょうめのちょう
兆,いっちょうえんのちょう
凋,ちょうらくのちょう，しぼむ
喋,しゃべる
寵,ちょうあいをうけるのちょう
帖,てちょうのちょう，はばにうらなう
帳,れんらくちょうのちょう
庁,きしょうちょうのちょう
弔,とむらう，ちょうじのちょう
張,きんちょうするのちょう，はる
彫,ちょうこくかのちょう，ほる
徴,とくちょうてきなのちょう
懲,こらしめる，ちょうばつのちょう
挑,ちょうせんするのちょう，いどむ
暢,りゅうちょうなのちょう
朝,あさひのあさ，ちょう
潮,まんちょうのちょう，しお
牒,さいごつうちょうのちょう，ふだ
町,まち，しちょうそんのちょう
眺,ながめる，ちょうぼうのちょう
聴,ちょうかくのちょう，きく
脹,ぼうちょうするのちょう，にくづきにながい
腸,だいちょう，しょうちょうのちょう
蝶,あげはちょうのちょう
調,ちょうさのちょう，しらべる
諜,ちょうほうきかんのちょう
超,ちょうのうりょくのちょう，こえる
跳,ちょうやくするのちょう，とぶ
銚,おちょうしのちょう
長,ながい，ちょうたんのちょう
頂,ちょうてんのちょう，いただき
鳥,とり，やちょうのちょう
勅,ちょくめいのちょく
捗,しんちょくじょうきょうのちょく，はかどる
直,ちょくせんのちょく，なおる
朕,ちんおもうにのちん
沈,ちんぼつするのちん，しずむ
珍,めずらしい，ちんみのちん
賃,ちんぎんのちん
鎮,ちんあつするのちん，しずめる
陳,ちんれつするのちん
津,つなみのつ，しん
墜,ついらくするのつい
椎,せきついのつい，しい
槌,てっついのつい，つち
追,ついせきするのつい，おう
鎚,かねへんのつち
痛,ずつうのつう，いたい
通,こうつうのつう，とおる
塚,つか，かいづかのつか
栂,しょくぶつのつが，きへんにはは
掴,つかむ，てへんにくに
槻,しょくぶつのつき，きへんにきそくてきのき
佃,つくだにのつくだ
漬,つけもののつける
柘,ざくろのいちもじめ，きへんにいし
辻,よつつじのつじ
蔦,しょくぶつのつた
綴,つづる
鍔,かたなのつば，がく
椿,しょくぶつのつばき，きへんにはる
潰,つぶれる，いかいようのかい
坪,たてつぼのつぼ
壷,おもうつぼのつぼ
嬬,つま，おんなへんにひつじゅひんのじゅ
紬,つむぎ，いとへんにりゆうのゆう
爪,つめきりのつめ
吊,つるす，くちのしたにはば
釣,さかなつりのつり
鶴,とりのつる
亭,ていしゅのてい
低,ひくい，てい
停,ていしゃのてい
偵,ていさつするのてい
剃,そる，ていはつのてい
貞,ていしゅくのてい
呈,ぞうていするのてい
堤,ていぼうのてい，つつみ
定,よていのてい，さだめる
帝,ていおうのてい，みかど
底,そこぢからのそこ，てい
庭,ていえんのてい，にわ
廷,きゅうていぶんがくのてい
弟,あにおとおとのおとおと
悌,てい，りっしんべんにおとうと
抵,ていこうするのてい
挺,くうていぶたいのてい
提,ていあんのてい
梯,はしご，きへんにおとうと
汀,みぎわ，さんずいにいっちょうめのちょう
碇,ていはくのてい，いかり
禎,てい，しめすへんにていしゅくのてい
程,にっていのてい，ほど
締,ていけつするのてい，しめる
艇,ひこうていのてい
訂,ていせいするのてい
諦,あきらめる，ていかんするのてい
蹄,ていてつのてい，ひづめ
逓,ていしんしょうのてい
邸,ていたくのてい，やしき
鄭,じんめいのていせいこうのてい
釘,くぎ
鼎,ていだんのてい，かなえ
泥,でいすいのでい，どろ
摘,てきはつするのてき，つむ
擢,ばってきするのてき
敵,てきみかたのてき
滴,すいてきのてき，しずく
的,もくてきのてき
笛,ふえをふくのふえ
適,てきとうのてき
鏑,かぶらやのかぶら
溺,できあいするのでき，おぼれる
哲,てつがくのてつ
徹,てつやするのてつ
撤,てったいするのてつ
轍,わだち
迭,こうてつするのてつ
鉄,てつどうのてつ
典,こくごじてんのてん
填,じゅうてんするのてん，はめる
天,てんきよほうのてん
展,はってんのてん
店,みせ，しょうてんのてん
添,そえる，てんぷするのてん
纏,はんてんのてん，まとう
甜,てんさいとうのてん
貼,はる，かいへんにうらなう
転,うんてんのてん，ころがす
顛,ことのてんまつのてん
点,てんすうのてん
伝,でんせつのでん，つたえる
殿,とのさまのとの
澱,ちんでんするのでん，よどむ
田,すいでんのでん，た
電,でんわのでん
兎,うさぎ
吐,といきのと，はく
堵,あんどするのと
塗,とそうのと，ぬる
妬,しっとするのと，ねたむ
屠,とさつするのと，ほふる
徒,とほのと
斗,ほくとしちせいのと
杜,もり，きへんにつち
渡,はしをわたるのわたる
登,とざんのと，のぼる
菟,と，くさかんむりにうさぎ
賭,とばくのと，かける
途,とちゅうのと
都,とかいのと，みやこ
鍍,ときんのと，かねへんにおんどけいのど
砥,といしのと
砺,れい，いしへんにがんだれにまん
努,どりょくのど
度,おんどけいのど
土,どようびのど，つち
奴,どれいのど，やつ
怒,げきどするのど，いかる
倒,とうさんするのとう，たおれる
党,よとうやとうのとう
冬,ふゆやすみのふゆ，とう
凍,れいとうするのとう，こおる
刀,かたな，にほんとうのとう
唐,けんとうしのとう
塔,ごじゅうのとう
塘,とう，つちへんにけんとうしのとう
套,じょうとうしゅだんのとう
宕,とう，あたごのにもじめ，うかんむりにいし
島,しまぐにのしま，とう
嶋,とう，やまへんにとりのしま
悼,あいとうのとう，いたむ
投,とうしゅのとう，なげる
搭,とうじょうてつづきのとう
東,とうざいのとう，ひがし
桃,ももたろうのもも
梼,とう，きへんにことぶき
棟,びょうとうのとう，むね
盗,とうなんのとう，ぬすむ
淘,しぜんとうたのとう
湯,ねっとうのとう，ゆ
涛,とう，さんずいにことぶき
灯,けいこうとうのとう
燈,とうだいのとう，ひへんにのぼる
当,とうばんのとう，あたる
痘,てんねんとうのとう
祷,もくとうするのとう，いのる
等,いっとうしょうのとう，ひとしい
答,こたえ，とうあんのとう
筒,つつ，すいとうのとう
糖,ぶどうとうのとう
統,とういつのとう
到,とうちゃくするのとう，いたる
董,こっとうひんのとう
蕩,ほうとうむすこのとう
藤,ふじのはなのふじ，とう
討,とうろんするのとう
謄,こせきとうほんのとう
豆,とうふのとう，まめ
踏,ふむ，ざっとうのとう
逃,にげる，とうぼうするのとう
透,とうめいなのとう，すける
鐙,あぶみ
陶,とうげいかのとう
頭,あたま，ずつうのず
騰,ふっとうするのとう
闘,とうぎゅうしのとう，たたかう
働,ろうどうのどう，はたらく
動,どうぶつのどう，うごく
同,おなじ，どうじのどう
堂,こっかいぎじどうのどう
導,ゆうどうのどう，みちびく
憧,どうけいのどう，あこがれる
撞,じかどうちゃくのどう，つく
洞,どうくつのどう，ほら
瞳,ひとみ，どうこうのどう
童,ぐりむどうわのどう
胴,どうあげのどう
萄,ぶどうしゅのどう
道,みち，どうろのどう
銅,どうめだるのどう
峠,とうげのちゃやのとうげ
鴇,とりのとき
匿,とくめいのとく，かくす
得,とくいのとく，える
徳,どうとくのとく
涜,ぼうとくするのとく，けがす
特,とくべつのとく
督,えいがかんとくのとく
禿,はげやまのはげ
篤,きとくじょうたいのとく
毒,しょうどくのどく
独,どくりつのどく
読,よむ，どくしょのどく
栃,とちぎけんのとち
橡,きへんにどうぶつのぞう，とち
凸,おうとつのとつ
突,しょうとつするのとつ，つく
椴,とどまつのとど，きへんにしゅだんのだん
届,とどける
鳶,とりのとび
苫,とまこまいしのとま
寅,とら，じゅうにしのとら
酉,とり，じゅうにしのとり
瀞,ながとろのとろ，さんずいにしずか
噸,おもさのたんいのとん
屯,ちゅうとんするのとん
惇,りっしんべんにきょうらくてきのきょう，とん
敦,ちゅうごくのとんこうのとん
沌,こんとんとしたのとん
豚,ぶた，とんじるのとん
遁,とんそうするのとん
頓,せいとんするのとん
呑,へいどんするのどん，のむ
曇,くもり，どんてんのどん
鈍,どんかんなのどん，にぶい
奈,ならけんのな
那,わかだんなのな
内,こくないのない，うち
乍,むかしながらのながら
凪,ゆうなぎのなぎ
薙,くさなぎのなぎ
謎,なぞをとくのなぞ
灘,なだ，さんずいにむずかしい
捺,なついんするのなつ
鍋,なべもののなべ
楢,ならのきのなら
馴,かいならすのならす，じゅん
縄,なわ，じょうもんどきのじょう
畷,しじょうなわてしのなわて
南,なんぼくのなん，みなみ
楠,くすのきのくす，きへんにみなみ
軟,じゅうなんのなん，やわらか
難,こんなんのなん，むずかしい
汝,なんじ，さんずいにおんな
二,かんすうじのに
尼,あまでらのあま，に
弐,けいやくしょにつかうすうじのに
迩,しんにょうになんじのいたいじのに
匂,いいにおいのにおい
賑,にぎわう，いんしんのしん
肉,ぎゅうにくのにく
虹,にじ，なないろのにじ
廿,かんすうじのにじゅう
日,にちようびのにち，ひ
乳,ぎゅうにゅうのにゅう，ちち
入,はいる，にゅうがくのにゅう
如,とつじょのじょ
尿,とうにょうびょうのにょう
韮,しょくぶつのにら
任,せきにんのにん
妊,にんしんするのにん
忍,にんじゃのにん，しのぶ
認,かくにんのにん，みとめる
濡,ぬれる
禰,すくねのね，しめすへんになんじ
祢,ね，しめすへんになんじのいたいじ
寧,ていねいのねい
葱,しょくぶつのねぎ
猫,やまねこのねこ
熱,ねつ，あつい
年,がくねんのねん，とし
念,ざんねんのねん
捻,ねんざのねん，ひねる
撚,ひねる，てへんにしぜんのぜん
燃,ねんりょうのねん，もえる
粘,ねばる，ねんどのねん
乃,のぎたいしょうのの，すなわち
廼,えんにょうににし，ない
之,これ，あくたがわりゅうのすけのの
埜,や，はやしのしたにつち
嚢,ひょうのうののう，ふくろ
悩,なやむ，くのうするののう
濃,のうたんののう，こい
納,のうぜいののう，おさめる
能,さいのうののう
脳,ずのうののう
膿,かのうするののう，うみ
農,のうぎょうののう
覗,のぞきみるののぞく
蚤,むしののみ
巴,ともえなげのともえ
把,はあくするのは
播,でんぱするのは，まく
覇,せいはするのは
杷,しょくぶつのびわのは，きへんにともえ
波,つなみのなみ，は
派,はばつのは
琶,びわこのにもじめのは
破,はかいするのは，やぶる
婆,ろうばしんのば
罵,ばせいのば，ののしる
芭,ばしょうのば
馬,うま，ばしゃのば
俳,はいくのはい
廃,はいしするのはい，すたれる
拝,おがむ，はいけいのはい
排,はいじょするのはい
敗,はいぼくのはい，やぶれる
杯,かんぱいのはい，さかずき
盃,さかずき，ふしぎのふのしたにさら
牌,いはいのはい，ふだ
背,せぼねのせ
肺,はいかつりょうのはい
輩,せんぱいこうはいのはい
配,はいたつのはい，くばる
倍,ばいりつのばい
培,さいばいするのばい，つちかう
媒,ばいかいするのばい
梅,うめぼしのうめ
楳,きへんになにがしのぼう，うめ
煤,すす，ばいえんのばい
狽,ろうばいするのばい
買,かう，ばいしゅうのばい
売,しょうばいのばい，うる
賠,ばいしょうきんのばい
陪,ばいしんいんのばい
這,はう
蝿,むしのはえ
秤,てんびんのびん，はかり
矧,やへんにいんようするのいん，はぐ
萩,しょくぶつのはぎ
伯,はくしゃくのはく
剥,はくりするのはく，はがれる
博,はくぶつかんのはく
拍,はくしゅするのはく
柏,かしわもちのかしわ
泊,しゅくはくするのはく，とまる
白,しろい，はくちょうのはく
箔,あるみはくのはく
粕,さけかすのかす，こめへんにしろ
舶,はくらいひんのはく
薄,うすい，けいはくのはく
迫,はくりょくのはく，せまる
曝,さらす，にちへんにぼうりょくのぼう
漠,さはらさばくのばく
爆,ばくはつするのばく
縛,しばる，そくばくのばく
莫,ばくだいなのばく
駁,はんばくするのばく
麦,むぎちゃのむぎ
函,はこだてのはこ，かん
箱,はこにつめるのはこ
硲,はざま，いしへんにたに
箸,はしおきのはし
肇,くにをはじめるのはじめ，ちょう
筈,てはずのはず
櫨,はぜのきのはぜ
幡,やはたのはた
肌,はだいろのはだ
畑,たはたのはた，はたけ
畠,はたけ，しろのしたにた
八,かんすうじのはち
鉢,はちうえのはち
溌,げんきはつらつのはつ
発,はつめいのはつ
醗,さけをはっこうさせるのはつ，かもす
髪,かみのけのかみ，はつ
伐,ばっさいするのばつ
罰,つみとばつのばつ
抜,ばつぐんのばつ，ぬける
筏,いかだ
閥,はばつのばつ
鳩,とりのはと
噺,はなしかのはなし，くちへんにあたらしい
塙,はなわ，つちへんにたかい
蛤,はまぐり，むしへんにあう
隼,とりのはやぶさ
伴,どうはんするのはん，ともなう
判,はんだんのはん
半,はんぶんのはん，なかば
反,はんたいするのはん
叛,はんらんのはん，そむく
帆,はんせんのは，ほばしらのほ
搬,はんにゅうするのはん
斑,まだら，はんてんのはん
板,こくばんのばん，いた
氾,かわがはんらんするのはん
汎,はんようせいのはん
版,もくはんがのはん
犯,はんざいのはん
班,はんちょうのはん
畔,こはんのはん，ほとり
繁,はんえいするのはん，しげる
般,いっぱんてきのはん
藩,はいはんちけんのはん
販,はんばいするのはん
範,もはんのはん
釆,はん，ばんごうのばんからたをとったじ
煩,ぼんのうのぼん，わずらわしい
頒,はんぷするのはん
飯,ごはんのはん，めし
挽,ばんかいするのばん
晩,ばんごはんのばん
番,ばんごうのばん
盤,えんばんなげのばん
磐,じょうばんせんのばん
蕃,ばん，くさかんむりにばんごうのばん
蛮,なんばんぼうえきのばん
匪,ひぞくのひ，はこがまえにひじょうぐちのひ
卑,ひれつなのひ，いやしい
否,ひていするのひ
妃,おうひのひ，きさき
庇,ひごするのひ，ひさし
彼,ひがんばなのひ，かれ
悲,ひげきのひ，かなしい
扉,とびら，もんぴのひ
批,ひはんするのひ
披,ひろうえんのひ
斐,ひ，かいのくにのにもじめ
比,ひかくするのひ，くらべる
泌,ひにょうきのひ
疲,つかれる，ひろうするのひ
皮,かわをむくのかわ，ひ
碑,きねんのひのひ，いしぶみ
秘,ひみつのひ
緋,ひいろのひ
罷,ひめんするのひ
肥,ひまんのひ，こえる
被,ひがいしゃのひ，こうむる
誹,ひぼうするのひ，そしる
費,しょうひのひ
避,ひしょちのひ，さける
非,ひじょうぐちのひ
飛,ひこうきのひ，とぶ
樋,ひぐちいちようのひ，とい
簸,は，たけかんむりにそのたのそにかわ
備,じゅんびするのび，そなえる
尾,びこうするのび，おっぽのお
微,びせいぶつのび
枇,しょくぶつのびわのび，きへんにくらべる
毘,びしゃもんてんのび
琵,びわこのび
眉,まゆ，はくびのび
美,びじんのび，うつくしい
鼻,はなかぜのはな
柊,しょくぶつのひいらぎ，きへんにふゆ
稗,しょくぶつのひえ
匹,いっぴきにひきのひき
疋,おりもののたんいのひき
髭,くちひげのひげ
彦,ひこぼしのひこ
膝,ひざまくらのひざ
菱,ひしがたのひし
肘,ひじ，にくづきにすんぽうのすん
弼,ほひつのひつ，すけ
必,ひつようのひつ，かならず
畢,ひっきょうのひつ，おわる
筆,ふでばこのふで，ひつ
逼,ひっぱくするのひつ
桧,しょくぶつのひのき，きへんにかいしゃのかい
姫,おひめさまのひめ
媛,えひめけんのひめ
紐,こしひものひも
百,かんすうじのひゃく
謬,ごびゅうのびゅう
俵,どひょうのひょう，たわら
彪,とらにさんづくりのひょう
標,もくひょうのひょう
氷,ひょうがのひょう，こおり
漂,ひょうりゅうするのひょう，ただよう
瓢,ひょうたんのひょう，ひさご
票,とうひょうするのひょう
表,うらおもてのおもて，ひょう
評,ひょうかするのひょう
豹,どうぶつのひょう
廟,れいびょうのびょう
描,えがく，びょうしゃするのびょう
病,びょうきのびょう，やまい
秒,びょうよみのびょう
苗,なえぎのなえ，びょう
錨,いかり，かねへんになえ
鋲,がびょうのびょう
蒜,しょくぶつのひる
蛭,ちをすうどうぶつのひる
鰭,さかなのひれ
品,しなもののしな，ひん
彬,ひん，はやしにさんづくり，あきら
斌,ひん，ぶんぶりょうどうのぶんとぶ
浜,すなはまのはま
瀕,ひんしのじゅうしょうのひん
貧,ひんじゃくのひん，まずしい
賓,らいひんのひん
頻,ひんぱんなのひん
敏,びんかんなのびん
瓶,あきびんのびん
不,ふしぎのふ
付,ふろくのふ，つける
埠,みなとのふとうのふ
夫,おっと，ふさいのふ
婦,ふうふのふ
富,ほうふのふ，とむ
冨,ふじさんのふのいたいじ，わかんむり
布,ぬの，もうふのふ
府,とどうふけんのふ
怖,きょうふのふ，こわい
扶,ふようかぞくのふ
敷,しく，ざしきのしき
斧,どうぐのおの
普,ふきゅうするのふ
浮,ふりょくのふ，うく
父,ふぼのふ，ちち
符,ぎもんふのふ
腐,くさる，ふはいするのふ
膚,ひふのふ，はだ
芙,しょくぶつのふようのふ
譜,ふめんのふ
負,かちまけのまけ，ふ
賦,げっぷばらいのふ
赴,ふにんするのふ，おもむく
阜,ぎふけんのふ，おか
附,こざとへんのついたふぞくのふ
侮,ぶじょくするのぶ，あなどる
撫,あいぶするのぶ，なでる
武,ぶきのぶ
舞,かぶきのぶ，まう
葡,ぶどうしゅのぶ
蕪,やさいのかぶ
部,ぶちょうのぶ
封,ふうとうのふう
楓,しょくぶつのかえで，きへんにかぜ
風,かぜ，たいふうのふう
葺,やねをふくのふく
蕗,しょくぶつのふき
伏,きふくにとむのふく，ふせる
副,ふくかいちょうのふく
復,おうふくのふく
幅,ぞうふくするのふく，はば
服,ようふくのふく
福,ふくびきのふく
腹,はらぺこのはら，ふく
複,ふくざつのふく
覆,ふくめんのふく，おおう
淵,みずがよどんでふかいふち
弗,ふっそのふつ，どる
払,かねをはらうのはらう
沸,ふっとうするのふつ，わく
仏,ぶつぞうのぶつ，ほとけ
物,どうぶつのぶつ，もの
鮒,ふな，さかなへんにつける
分,はんぶんのぶん，わける
吻,せっぷんするのふん
噴,ふんかするのふん，ふく
墳,こふんのふん
憤,ふんがいするのふん，いきどおる
扮,ふんそうをこらすのふん
焚,ふんしょこうじゅのふん，たきびのたき
奮,こうふんのふん，ふるう
粉,ふんまつのふん，こな
糞,ふんにょうのふん，くそ
紛,ふんしつするのふん，まぎれる
雰,ふんいきのふん
文,さくぶんのぶん
聞,しんぶんのぶん，きこえる
丙,こうおつへいのへい
併,へいようするのへい，あわせる
兵,へいたいのへい
塀,へい，いたべいのへい
幣,ぞうへいきょくのへい
平,へいわのへい，たいら
弊,へいがいのへい
柄,ひとがらのがら
並,なみきのなみ，ならぶ
蔽,しゃへいするのへい
閉,へいてんのへい，とじる
陛,へいかのへい
米,こめ，しんまいのまい
頁,ぺーじ
僻,へきちのへき
壁,へきがのへき，かべ
癖,あくへきのへき，くせ
碧,へきがんのへき
別,とくべつのべつ，わかれる
瞥,いちべつするのべつ
蔑,けいべつするのべつ，さげすむ
箆,へら
偏,へんせいふうのへん，かたよる
変,へんかのへん，かえる
片,かたおもいのかた，へん
篇,たけかんむりのへんしゅうするのへん
編,へんしゅうするのへん，あむ
辺,しゅうへんのへん，あたり
返,へんじのへん，かえす
遍,ふへんてきなのへん
便,ゆうびんのびん，たより
勉,べんきょうのべん
娩,ぶんべんするのべん
弁,べんとうのべん
鞭,きょうべんをとるのべん，むち
保,ほけんしつのほ，たもつ
舗,ほそうするのほ
鋪,かねへんのほ
圃,はたけのいみのほじょうのほ
捕,たいほするのほ，とらえる
歩,あるく，ほどうのほ
甫,しじんのとほのほ
補,ほじょのほ，おぎなう
輔,くるまへんのほさのほ
穂,いなほのほ
募,ぼしゅうするのぼ，つのる
墓,ぼちのぼ，はか
慕,ぼじょうのぼ，したう
戊,ぼしんせんそうのぼ
暮,おせいぼのぼ，くらす
母,ふぼのぼ，はは
簿,めいぼのぼ
菩,ぼだいじゅのぼ
倣,もほうするのほう，ならう
俸,ほうきゅうのほう
包,ほうたいのほう，つつむ
呆,あきれる，ぼうぜんとするのぼう
報,ほうどうのほう
奉,ほうしかつどうのほう，たてまつる
宝,ほうせきのほう，たから
峰,さいこうほうのほう，みね
峯,やまかんむりのみね，ほう
崩,ほうかいするのほう，くずれる
庖,まだれのほうちょうのほう
抱,ほうふをかたるのほう，だく
捧,ささげる，ほう
放,ほうそうきょくのほう，はなつ
方,おやかたのかた，ほうがくのほう
朋,ほうゆうのほう，とも
法,ほうりつのほう
泡,あわ，すいほうのほう
烹,かっぽうぎのほう
砲,ほうがんなげのほう
縫,さいほうするのほう，ぬう
胞,さいぼうのぼう
芳,かんばしい，ほうこうざいのほう
萌,ほうがのほう，もえる
蓬,ほうらいさんのほう，よもぎ
蜂,はちみつのはち，ほう
褒,ほめる，ほうびのほう
訪,ほうもんするのほう，おとずれる
豊,ほうさくのほう，ゆたか
邦,いほうじんのほう
鋒,きゅうせんぽうのほう，ほこさき
飽,あきる，ほうわのほう
鳳,ほうおうのおう，おおとり
鵬,おおとり，ほうゆうのほうにとり
乏,びんぼうのぼう，とぼしい
亡,ぼうめいするのぼう
傍,ぼうかんしゃのぼう，かたわら
剖,かいぼうするのぼう
坊,ぼうずのぼう
妨,ぼうがいするのぼう，さまたげる
帽,だつぼうするのぼう
忘,ぼうねんかいのぼう，わすれる
忙,いそがしい，たぼうのぼう
房,れいだんぼうのぼう
暴,ぼうりょくのぼう，あばれる
望,きぼうのぼう，のぞむ
某,なにがしのぼう
棒,てつぼうのぼう
冒,ぼうけんかのぼう
紡,ぼうせきのぼう，つむぐ
肪,しぼうぶんのぼう
膨,ぼうちょうするのぼう，ふくらむ
謀,いんぼうのぼう，はかる
貌,びぼうのぼう，かたち
貿,ぼうえきこうのぼう
鉾,かまぼこのほこ
防,よぼうするのぼう，ふせぐ
吠,ほえる，くちへんにいぬ
頬,ほおづえのほお
北,きたみなみのきた，ほく
僕,しもべ，こうぼくのぼく
卜,うらなう，ぼく
墨,ぼくじゅうのぼく，すみ
撲,だぼくのぼく
朴,そぼくなのぼく
牧,ぼくじょうのぼく
睦,しんぼくかいのぼく，むつまじいい
穆,のぎへんのぼく
釦,いふくのぼたん
勃,ぼっぱつするのぼつ
没,ちんぼつするのぼつ
殆,ほとんど
堀,ほりばたのほり
幌,ほろばしゃのほろ
奔,ほんそうするのほん
本,ほんもののほん，もと
翻,ほんやくするのほん
凡,へいぼんのぼん
盆,ぼんおどりのぼん
摩,まさつのま
磨,けんまするのま，みがく
魔,まほうのま
麻,ますいのま，あさ
埋,うめる，まいぼつするのまい
妹,いもうと，しまいのまい
昧,あいまいなのまい
枚,まいすうのまい
毎,まいにちのまい
哩,たんいのまいる，くちへんにさと
槙,しょくぶつのまき，きへんにまごころのま
幕,じまくのまく
膜,もうまくのまく
枕,まくら
鮪,まぐろ，さかなへんにある
柾,しょくぶつのまさき，きへんにただしい
鱒,ます，さかなへんにそんけいするのそん
桝,きへんのますのいたいじ
亦,せつぞくしのまた，へんかするのへんのうえがわ
俣,みなまたびょうのまた
又,またがしのまた
抹,まっちゃのまつ
末,ねんまつのまつ，すえ
沫,ほうまつのまつ，さんずいにすえ
迄,これまでのまで
侭,わがままのまま，にんべんにつくす
繭,まゆ，かいこのまゆ
麿,うたまろのまろ
万,まんねんひつのまん
慢,じまんするのまん
満,まんぞくのまん
漫,まんがのまん
蔓,まんえんするのまん，つる
味,いみのみ，あじ
未,みらいのみ
魅,みりょくのみ
巳,み，じゅうにしのみ
箕,のうぐのみ，たけかんむりにそ
岬,えりもみさきのみさき
密,ひみつのみつ
蜜,はちみつのみつ
湊,みなと，さんずいにかなでる
蓑,みのむしのみの
稔,みのる，のぎへんにざんねんのねん
脈,さんみゃくのみゃく
妙,きみょうなのみょう
粍,ながさのたんいのみりめーとる
民,こくみんのみん，たみ
眠,ねむる，すいみんのみん
務,ぎむのむ，つとめる
夢,ゆめ，むちゅうのむ
無,むりのむ，ない
牟,しゃかむにのむ，むのしたにうし
矛,むじゅんのむ，ほこ
霧,のうむのむ，きり
鵡,とりのおうむのむ
椋,むくどりのむく，きへんにきょうとのきょう
婿,はなむこのむこ
娘,ひとりむすめのむすめ
冥,めいふくをいのるのめい
名,なまえのな，めい
命,うんめいのめい，いのち
明,せつめいのめい，あかるい
盟,どうめいするのめい
迷,めいわくのめい，まよう
銘,めいがらのめい
鳴,ひめいをあげるのめい，なく
姪,おいめいのめい
牝,ひんばのひん，めす
滅,はめつするのめつ，ほろびる
免,めんきょのめん
棉,しょくぶつのわた，きへん
綿,わた，もめんのめん
緬,ちりめんのめん
面,じめんのめん
麺,めんるいのめん
摸,もしゃするのも，てへん
模,もけいのも
茂,はんものも，しげる
妄,こだいもうそうのもう
孟,こうしもうしのもう
毛,けいとのけ，うもうのもう
猛,もうしょのもう
盲,もうがっこうのもう
網,もうまくのもう，あみ
耗,しょうもうひんのもう
蒙,けいもうするのもう
儲,もうかる，にんべんにしょくんのしょ
木,もくようびのもく，き
黙,ちんもくのもく，だまる
目,もくてきのもく，め
杢,もく，きのしたにこう
勿,もちろんのもち
餅,もちつきのもち
尤,せつぞくしのもっとも
戻,もどる，へんれいきんのれい
籾,もみがらのもみ
貰,もらう
問,もんだいのもん，とう
悶,くもんするのもん，もだえる
紋,もんしょうのもん
門,せんもんのもん
匁,おもさのたんいのもんめ
也,くうやねんぶつのや，なり
冶,やきんがくのや
夜,こんやのや，よる
爺,こうこうやのや，じい
耶,うやむやのや
野,やさいのや，のはらのの
弥,あみだぶつのみ
矢,ゆみやのや
厄,やくどしのやく
役,やくわりのやく
約,やくそくのやく
薬,やくひんのやく，くすり
訳,つうやくのやく，わけ
躍,かつやくするのやく
靖,やすくにじんじゃのやす
柳,やなぎ，せんりゅうのりゅう
薮,やぶ，くさかんむりにさんすうのすう
鑓,やり，かねへんにはけんするのけん
愉,ゆかいなのゆ
愈,ゆ，いよいよ
油,せいきゆのゆ，あぶら
癒,ちゆするのゆ，いやす
諭,きょうゆのゆ，さとす
輸,ゆにゅうのゆ
唯,ゆいいつのゆい
佑,てんゆうのゆう，にんべんにみぎ
優,ゆうしょうするのゆう，やさしい
勇,ゆうきのゆう，いさましい
友,ゆうじんのゆう，とも
宥,なだめる，ゆうじょのゆう
幽,ゆうれいせんのゆう
悠,ゆうゆうじてきのゆう
憂,ゆううつのゆう，うれう
揖,いちゆうのゆう，てへんにくちのしたにみみ
有,ゆうめいじんのゆう，ある
柚,しょくぶつのゆず，ゆう
湧,ゆうしゅつするのゆう，わく
涌,わく，こわくだにのわく
猶,ゆうよするのゆう
猷,はかりごとをいみするゆう
由,りゆうのゆう
祐,てんゆうのゆう，しめすへんにみぎ
裕,よゆうのゆう
誘,さそう，ゆうわくのゆう
遊,ゆうえんちのゆう，あそぶ
邑,とゆうのゆう，むら
郵,ゆうびんのゆう
雄,おすめすのおす，ゆう
融,きんゆうのゆう
夕,ゆうがたのゆう
予,よていのよ
余,よゆうのよ，あまる
与,あたえる，きゅうよのよ
誉,めいよのよ，ほまれ
輿,たまのこしのこし
預,よきんのよ，あずける
傭,ようへいのよう，やとう
幼,ようちえんのよう，おさない
妖,もりのようせいのよう
容,ようせきのよう
庸,ぼんようなのよう
揚,あげる，からあげ
揺,ゆれる，どうようするのよう
擁,ようりつするのよう
曜,にちようびのよう
楊,つまようじのよう，やなぎ
様,かみさまのさま，よう
洋,ようふくのよう
溶,ようえきのよう，とける
熔,ようがんのよう，ひへんにないようのよう
用,りようするのよう，もちいる
窯,かまもとのかま，よう
羊,ようもうのよう，ひつじ
耀,えいようえいがのよう，かがやく
葉,きのはのは，よう
蓉,しょくぶつのふようのよう
要,ようきゅうするのよう
謡,みんようのよう
踊,おどる，ぶようのよう
遥,ようはいするのよう，はるか
陽,たいようけいのよう
養,えいようのよう，やしなう
慾,よくぼうのよく，したごころあり
抑,よくせいするのよく，おさえる
欲,よくぼうのよく，ほしい
沃,ひよくなとちのよく
浴,にゅうよくするのよく，あびる
翌,よくじつのよく
翼,つばさ，びよくのよく
淀,よどがわのよど
羅,もうらするのら
螺,らせんのら
裸,はだか，らたいのら
来,らいねんのらい，くる
莱,ほうらいさんのらい
頼,たのむ，いらいのらい
雷,かみなり，らいうのらい
洛,じょうらくするのらく
絡,れんらくするのらく，からむ
落,らくせんするのらく，おちる
酪,らくのうのらく
乱,こんらんのらん，みだれる
卵,たまご
嵐,あらしやまのあらし
欄,くうらんのらん
濫,かせんのはんらんのらん
藍,あいいろのあい，らん
蘭,らんがくのらん
覧,はくらんかいのらん
利,けんりのり
吏,やくにんをいみするかんりのり
履,りれきしょのり
李,りかにかんむりをたださずのり，すもも
梨,くだもののなし
理,りゆうのり
璃,るりいろのり
痢,げりをするのり
裏,うらおもてのうら
裡,きんりのり，ころもへんにさと
里,さとがえりのさと，り
離,はなれる，りりくのり
陸,りくじょうのりく
律,ほうりつのりつ
率,ひりつのりつ，ひきいる
立,どくりつのりつ，たつ
葎,しょくぶつのむぐら，くさかんむりにほうりつのりつ
掠,かすめる，りゃくだつのりゃく
略,りゃくごのりゃく
劉,りゅうほうのりゅう
流,りゅうこうのりゅう，ながす
溜,りゅういんがさがるのりゅう，たまり
琉,りゅうきゅうのりゅう
留,りゅうがくのりゅう
硫,りゅうさんのりゅう
粒,つぶ，りゅうしのりゅう
隆,りゅうきするのりゅう
竜,きょうりゅうのりゅう，たつ
龍,たつ，りゅうのきゅうじ
侶,そうりょのりょ
慮,えんりょするのりょ
旅,りょこうのりょ，たび
虜,ほりょのりょ，とりこ
了,りょうしょうするのりょう
亮,じんめいのりょう，しょかつりょうのりょう
僚,かいしゃのどうりょうのりょう
両,りょうてのりょう
凌,りょうがするのりょう，しのぐ
寮,がくせいりょうのりょう
料,りょうりするのりょう
梁,りょうざんぱくのりょう，はり
涼,すずしい，のうりょうのりょう
猟,りょうじゅうのりょう
療,ちりょうするのりょう
瞭,めいりょうなのりょう
稜,やまのりょうせんのりょう
糧,しょくりょうのりょう，かて
良,かいりょうのりょう，よい
諒,りょうかいするのりょう，ごんべんにきょうとのきょう
遼,ぜんとりょうえんのりょう，はるか
量,こうすいりょうのりょう，はかる
陵,きゅうりょうちのりょう，みささぎ
領,だいとうりょうのりょう
力,ちから，たいりょくのりょく
緑,みどり，りょくちゃのりょく
倫,りんりてきなのりん
厘,くぶくりんのりん
林,しんりんのりん，はやし
淋,さびしい，さんずいにはやし
燐,りんさんひりょうのりん
琳,おうへんにはやしのりん
臨,りんじのりん
輪,しゃりんのりん，わ
隣,となり，りんじんのりん
鱗,うろこ，へんりんのりん
麟,きりんのりん
瑠,るりいろのる
塁,まんるいのるい
涙,なみだ，るいせんのるい
累,るいせきするのるい
類,じんるいのるい
令,めいれいのれい
伶,れいじんのれい，にんべんにめいれいのれい
例,れいだいのれい，たとえる
冷,れいとうのれい，つめたい
励,げきれいするのれい，はげます
嶺,さんれいのれい，みね
怜,りっしんべんにめいれいのれい
玲,れいろうなのれい，おうへんにめいれいのれい
礼,れいぎのれい
苓,れい，くさかんむりにめいれいのれい
鈴,すずむしのすず
隷,どれいかいほうのれい
零,れいさいきぎょうのれい
霊,れいえんのれい，たま
麗,かれいなのれい，うるわしい
齢,ねんれいのれい
暦,せいれきのれき，こよみ
歴,れきしのれき
列,ぎょうれつのれつ
劣,おとる，ゆうれつのれつ
烈,きょうれつなのれつ
裂,ぶんれつするのれつ，さける
廉,れんかばんのれん
恋,こいびとのこい，れん
憐,かれんなのれん，あわれむ
漣,れん，さざなみ
煉,れんがのれん，ねる
簾,すだれ，れん
練,れんしゅうのれん
聯,みみへんのれんごうのれん
蓮,れんこんのれん，はす
連,れんらくのれん
錬,れんきんじゅつのれん
呂,おふろのろ
魯,ろ，さかなのしたににちようびのにち
櫓,ひのみやぐらのやぐら
炉,だんろのろ
賂,わいろのろ
路,どうろのろ
露,ろしゅつのろ，つゆ
労,ろうどうのろう
婁,ろうかくのろうのきゅうじのつくり
廊,わたりろうかのろう
弄,ほんろうするのろう，もてあそぶ
朗,ろうどくのろう
楼,まてんろうのろう
榔,しょくぶつのびんろうじゅのろう
浪,ろうひするのろう
漏,もらす，ろうでんのろう
牢,ろうやのろう
狼,おおかみ，ろうばいするのろう
篭,かごのいたいじ，たけかんむりにきょうりゅうのりゅう
老,ろうじんのろう
聾,ろうがっこうのろう
蝋,ろうそくたてのろう
郎,ももたろうのろう
六,かんすうじのろく
麓,さんろくのろく，ふもと
禄,げんろくぶんかのろく
肋,ろくまくえんのろく
録,ろくおんのろく
論,けつろんのろん
倭,ぎしわじんでんのわ
和,わふくのわ
話,はなし，でんわのわ
歪,ひずむ，わいきょくするのわい
賄,わいろのわい，まかなう
脇,わきやくのわき
惑,めいわくのわく
枠,そとわくのわく
鷲,とりのわし
亙,じんめいようわたるのきょようじたい
亘,じんめいのわたる，かきねのかきのつくり
鰐,どうぶつのわに
詫,おわびするのわび
藁,むぎわらのわら
蕨,しょくぶつのわらび
椀,きへんのしるわんのわん
湾,わんがんのわん
碗,いしへんのちゃわんのわん
腕,うで，わんりょくのわん
弌,イチ，漢数字の一の異体字，式構えに一
丐,カイ，乞う，与えるの意味
丕,ヒ，不思議のフの下に漢数字の一
个,カ，物の単位，屋根の下に縦棒
丱,カン，あげまき
丶,チュウ，文の区切り符号，形は点
丼,どんぶり
丿,ヘツ，片仮名のノの形
乂,ガイ，草刈りのカリの左側
乖,乖離するのカイ，背くの意味
乘,乗車するのジョウ，乗るの旧字
亂,混乱するのラン，乱れるの旧字
亅,ケツ，漢字の部首の跳ね棒
豫,予定のヨの旧字
亊,事件のジ，ことの異体字
舒,ジョ，宿舎のシャの旧字の右に予定のヨ
弍,漢数字の二の異体字，式構えにニ
于,ウ，宇宙のウのウ冠を取ったもの
亞,亜熱帯のアの旧字
亟,キ，北極のキョクの旁
亠,トウ，部首の鍋蓋
亢,コウ，抵抗するのコウの旁
亰,東京のキョウの異体字
亳,ハク，古代中国の殷の都の一つ
亶,タン，仏壇のダンの旁
从,従うの異体字，人二つ
仍,ジョウ，人偏に乃木大将のノ
仄,仄聞するのソク，ほのか
仆,ボク，人偏に卜うのボク
仂,ロク，人偏に力
仗,儀仗兵のジョウ
仞,深さの単位のジン，人偏に刀に点
仭,深さの単位のジンの異体字，人偏に刃の異体字
仟,セン，人偏に漢数字の千
价,カイ，人偏に仲介するのカイ
伉,コウ，人偏に抵抗するのコウの旁
佚,安佚のイツ，人偏に失う
估,コ，人偏に中古車のコ
佛,仏像のブツの旧字
佝,ク，人偏に俳句のク
佗,タ，わび，人偏にウ冠に片仮名のヒ
佇,佇立するのチョ，たたずむ
佶,キチ，人偏に大吉のキチ
侈,奢侈に流れるのシ，人偏に多い少ないの多い
侏,侏儒のシュ，人偏に朱色のシュ
侘,人偏に住宅のタク
佻,軽佻浮薄のチョウ
佩,佩用するのハイ，おびる
佰,ハク，人偏に漢数字の百
侑,ユウ，人偏に有名人のユウ
佯,ヨウ，人偏に動物の羊
來,来年のライ，来るの旧字
侖,リン，車輪のリンの旁
儘,我儘のママ，ジン
俔,ケン，人偏に見物するのケン
俟,シ，まつ，人偏に片仮名のムの下に弓矢のヤ
俎,まないた，俎上のソ
俘,とりこ，俘虜のフ
俛,ベン，人偏に免許のメン
俑,兵馬俑のヨウ
俚,俚諺のリ，人偏に里帰りのサト
俐,伶俐のリ，人偏に権利のリ
俤,おもかげ，人偏に弟
俥,くるま，人偏に電車のシャ
倚,イ，人偏に奇妙なのキ
倨,キョゴウ，人偏に住居のキョ
倔,クツ，人偏に理屈のクツ
倪,端倪のゲイ，人偏に睨むの旁
倥,コウ，人偏に空気のクウ
倅,せがれ，人偏に卒業のソツ
伜,倅の異体字，人偏に漢数字の九と十
俶,シュク，人偏に淑女のシュクの旁
倡,ショウ，人偏に合唱曲のショウの旁
倩,セン，人偏に青の旧字体
倬,タク，人偏に卓球のタク
俾,ヘイ，人偏に卑屈なのヒ
俯,うつむく，俯瞰するのフ
們,モン，人偏に専門のモン
倆,リョウ，人偏に両手のリョウの旧字
偃,エン，人偏に堰堤のエン，堰の旁
假,仮面のカ，仮の旧字
會,会社のカイ，会うの旧字
偕,カイ，ともに，人偏に皆様のミナ
偐,ガン，人偏に彦星のヒコの旧字
偈,ゲ，人偏に褐色のカツの旁
做,サ，人偏に故郷のコ
偖,シャ，人偏に科学者のシャの旧字体
偬,ソウ，人偏に葱の草冠を取ったもの
偸,トウ，人偏に愉快なの愉の旁
傀,傀儡政権のカイ
傚,コウ，人偏に効果的のコウの旧字
傅,傅育するのフ，めのと
傴,ウ，人偏に区別するのクの旧字
傲,傲慢なのゴウ
僉,試験を受けるのケンの旧字の旁
僊,セン，人偏に左遷するのセンの旁
傳,伝説のデンの旧字
僂,ロウ，人偏に楼閣のロウの旧字の旁
僖,キ，人偏に喜劇のキ，喜ぶ
僞,偽造のギ，にせの旧字
僥,僥倖のギョウ，人偏に堯舜の堯の旧字
僭,僭越ながらのセン
僣,僭越ながらのセンの異体字
僮,ドウ，人偏にわらべ
價,価値のカ，あたいの旧字
僵,キョウ，人偏に橿原神宮のカシの旁
儉,倹約するのケンの旧字
儁,シュン，人偏に隹に弓
儂,ノウ，人偏に農業のノウ
儖,ラン，人偏に監督するのカン
儕,セイ，人偏に一斉射撃のセイの旧字
儔,チュウ，人偏に寿の旧字
儚,ボウ，人偏に夢，はかない
儡,傀儡政権のライ
儺,ダ，人偏に困難のナン
儷,レイ，人偏に麗しい
儼,ゲン，人偏に厳重なのゲン
儻,トウ，人偏に与党野党のトウの旧字
儿,ジン，部首のひとあし
兀,ゴツ，漢数字の一の下にひとあし
兒,児童生徒のジの旧字
兌,兌換紙幣のダ
兔,動物の兔の異体字
兢,戦線兢々のキョウ，克服するのコク二つ
竸,競争するのキョウ，競うの異体字
兩,両手のリョウの旧字
兪,ユ，楡の木のニレの旁
兮,ケイ，漢数字の八の下に号泣するのゴウの下側
冀,キ，北の下に異なる
冂,ケイ，部首のどうがまえ
囘,回る，回転のカイの異体字，どうがまえに十二支の巳
册,一冊二冊のサツの旧字
冉,ゼン，再びから一画目を取った形
冏,ケイ，どうがまえに片仮名のルとロ
冑,甲冑のチュウ，かぶと
冓,コウ，溝の旁
冕,ベン，かんむり
冖,ベキ，部首のワ冠
冤,冤罪を晴らすのエン
冦,蒙古襲来の元寇のコウの異体字
冢,チョウ，貝塚のツカの元の字
冩,写真のシャ，うつす，の旧字の異体字，ワ冠
冪,ベキ，ワ冠に字幕のマク
冫,ヒョウ，部首のにすい
决,多数決のケツ，きめるの異体字，にすい
冱,コ，にすいに互角のゴ
冲,チュウ，にすいに中学校のチュウ
冰,氷河のヒョウ，こおりの異体字，二水
况,実況中継のキョウの異体字，にすい
冽,凜冽のレツ，にすいに行列のレツ
凅,コ，こおり，にすいに固まる
凉,涼しいの異体字，にすい
凛,凜冽たるのリンの異体字
几,几帳面のキ，つくえ
處,処分するのショの旧字
凩,こがらし
凭,ヒョウ，凭れる
凰,鳥の鳳凰のオウ
凵,ケン，部首のうけばこ
凾,函館のハコ，カンの異体字
刄,刃物のハ，刃（やいば）の異体字
刋,セン，片仮名のチの右にりっとう
刔,ケツ，えぐる，多数決のケツの旁の右にりっとう
刎,刎頸の交わりのフン
刧,未来永劫のゴウの異体字
刪,サン，けずる，一冊二冊のサツの右にりっとう
刮,刮目するのカツ
刳,刳り貫くのくる，コ
刹,刹那的なのナ
剏,ソウ，併用するのヘイに刃の異体字
剄,頸動脈のケイの左側にりっとう
剋,下剋上のコク，克服するのコクにりっとう
剌,溌剌のラツ
剞,キ，奇妙なのキにりっとう
剔,剔出するのテキ，貿易風のエキ，易しいにりっとう
剪,庭木を剪定するのセン，剪る
剴,ガイ，鎧の旁にりっとう
剩,ジョウ，自信過剰のジョウの旧字
剳,五重塔のトウの旁にりっとう
剿,蜂の巣のスにりっとう
剽,剽窃するのヒョウ
劍,ケン，剣（つるぎ）の旧字
劔,ケン，剣（つるぎ）の異体字，旁が刃の異体字
劒,ケン，剣（つるぎ）の異体字，旁が刀に点
剱,ケン，剣（つるぎ）の異体字，常用漢字の剣の旁が刃の異体字
劈,ヘキ，壁の土の代わりに刀
劑,薬剤師のザイの旧字
辨,弁別するのベンの旧字，辛い二つの間にりっとう
辧,弁別するのベンの旧字，辛い二つの間に刀（かたな）
劬,ク，俳句のクに力（ちから）
劭,ショウ，招くの旁に力（ちから）
劼,カツ，大吉のキチに力（ちから）
劵,ケン，乗車券のケンの刀の代わりに力
勁,ケイ，つよい，頸動脈のケイの左側に力（ちから）
勍,ケイ，東京のキョウに（ちから）
勗,キョク，日曜日のニチの下に救助するのジョ
勞,労働のロウの旧字
勣,セキ，責任のセキに力
勦,ソウ，蜂の巣の旧字に力（ちから）
飭,チョク，食偏に片仮名のノ，横棒に力（ちから）
勠,リク，誤謬のビュウの旁に力（ちから）
勳,勲章のクン，いさおの旧字
勵,激励するのレイの旧字
勸,勧誘するのカン，勧めるの旧字
勹,ホウ，部首のつつみがまえ
匆,ソウ，葱から草冠と心を取った形
匈,遊牧民族の匈奴のキョウ
甸,デン，つつみがまえに田んぼのタ
匍,匍匐前進のホ
匐,匍匐前進のフク
匏,ホウ，ひさご，袴の旁に，雹が降るのヒョウの下側
匕,匙を意味するヒ
匚,ホウ，部首のはこがまえ
匣,コウ，はこがまえに甲乙のコウ
匯,カイ，はこがまえにさんずいとふるとり
匱,キ，はこがまえに貴重品のキ
匳,はこがまえに試験を受けるのケンの旧字の旁
匸,ケイ，部首のかくしがまえ
區,区別するのクの旧字
卆,卒業のソツの異体字
卅,ソウ，漢数字の三十
丗,世界のセの旧字
卉,花卉園芸のキ
卍,まんじ
凖,準備するのジュンの異体字
卞,ベン，なべぶたの下に片仮名のト
卩,セツ，部首のわりふ
卮,シ，さかずき
夘,十二支の卯の異体字
卻,返却するのキャクの異体字
卷,カン，海苔巻きのマキの旧字
厂,カン，部首の雁垂
厖,厖大なのボウ，雁垂に尨
厠,かわや，雁垂に法則のソク
厦,カ，雁垂に夏
厥,遊牧民族の突厥のケツ
厮,シ，雁垂に斯界の権威のシ
厰,海軍工厰のショウの異体字，雁垂
厶,シ，わたくし，片仮名のム
參,参加するのサン，参るの旧字
簒,簒奪するのサン，うばう
雙,双眼鏡のソウの旧字
叟,三番叟のソウ，おきな
曼,曼荼羅のマン
燮,調和させるの意味のショウ
叮,テイ，口偏に一丁目のチョウ
叨,トウ，口偏に刀（かたな）
叭,楽器の喇叭のハ
叺,袋の叺，口偏に入る
吁,ク，口偏に宇宙の宇のウ冠を取ったもの
吽,阿吽の呼吸のウン，口偏に動物の牛
呀,カ，口偏に牙
听,重さの単位のポンド
吭,コウ，口偏に抵抗するのコウの旁
吼,獅子吼，口偏に孔子孟子のコウ
吮,セン，口偏に片仮名のムの下にひとあし
吶,吶弁のトツ，口偏に国内のナイ
吩,フン，半分のブン
吝,吝嗇家のリン
呎,長さの単位のフィート
咏,エイ，口偏に永久のエイ
呵,啖呵を切る，口偏に可能性のカ
咎,咎める
呟,呟く
呱,呱々の声をあげるのコ
呷,コウ，酒を呷るのあおる，口偏に甲乙のコウ
呰,シ，彼岸此岸のシの下に口
咒,呪う，呪文のジュの異体字
呻,呻吟するのシン，呻く
咀,噛み砕く意味の咀嚼のソ
呶,ド，口偏に奴
咄,咄嗟のトツ，口偏に出る
咐,ホ，口偏に付録のフ，付ける
咆,虎の咆哮のホウ，ほえる
哇,アイ，口偏に土二つ
咢,ガク，驚愕するのガクの旁
咸,秦の都，咸陽の咸
咥,テツ，口偏に夏至のシ
咬,咬む，コウ，口偏に交わる
哄,コウ，口偏に共通のキョウ
哈,ゴウ，口偏に合格のゴウ
咨,シ，はかる，次の下に口
咫,長さの単位のシ，尺八のシャクの右に只今のタダ
哂,シン，わらう，口偏に西東のにし
咤,叱咤激励のタ，口偏に住宅のタク
咾,ロウ，口偏に老人のロウ
咼,カ，鍋の旁
哘,さそう，口偏に旅行のコウ
哥,うた，カ，可能性のカを重ねる
哦,ガ，口偏に我慢のガ
唏,キ，口偏に希望のキ
唔,ゴ，口偏に田吾作のゴ
哽,コウ，口偏に更科のさら
哮,ほえる，咆哮するのコウ
哭,慟哭するのコク，なく
哺,哺乳類のホ
哢,ロウ，口偏に翻弄するのロウ
唹,オ，口偏に何々に於いてのオ
啀,啀み合うの啀む，ガイ
啣,くつわの異体字，口偏に卸売りのおろし
啌,コウ，口偏に空気のクウ
售,シュウ，うる，隹の下に口
啜,すする，セツ
啅,タク，口偏に卓球のタク
啖,啖呵を切るのタン
啗,タン，くらう，口偏に餡このアンの旁
唸,うなる，口偏に残念のネン
唳,レイ，口偏に戻る
啝,カ，口偏に和服のワ
喙,カイ，くちばし，他人事に容喙するのカイ
喀,喀血するのカツ，口偏にお客のキャク
咯,ラク，口偏に各
喊,喊声を上げるのカン，さけぶ
喟,キ，口偏に胃袋のイ
啻,タダ，帝王のテイの下に口
啾,シュウ，なく，口偏に秋祭りのアキ
喘,喘息のゼン
喞,ショク，かこつ，口偏に即
單,単純なのタンの旧字
啼,テイ，なく，口偏に帝王のテイ
喃,ナン，口偏に南（みなみ）
喩,比喩のユ，たとえる
喇,楽器の喇叭のラツ
喨,リョウ，口偏に人名，諸葛亮のリョウ
嗚,嗚咽のオ，口偏に烏
嗅,嗅覚のキュウ，かぐ
嗟,咄嗟のサ，口偏に差別化するのサ
嗄,声が嗄れるのかれる，口偏に夏
嗜,嗜好品のシ，たしなむ
嗤,シ，わらう，あざわらう
嗔,シン，いかる，口偏に真心のマの旧字
嘔,嘔吐するのオウ，口偏に区別するのクの旧字
嗷,ゴウ，口偏に傲慢のゴウの旁
嘖,サク，口偏に責任のセキ
嗾,ソウ，そそのかす，口偏に水族館のゾク
嗽,ソウ，くちすすぐ，口偏に夏目漱石のソウの旁
嘛,喇嘛教のマ，口偏に麻酔のマ
嗹,レン，口偏に連絡のレン
噎,エツ，むせぶ，口偏に契約書に使う壱の旧字
噐,うつわ，楽器のキの異体字
營,営業のエイ，営むの旧字
嘴,くちばし，シ
嘶,いななく，セイ
嘲,嘲笑するのチョウ，あざける
嘸,さぞかしのさぞ，口偏に無理のム
噫,アア，口偏に意味のイ
噤,キン，つぐむ，口偏に禁止するのキン
嘯,ショウ，うそぶく，口偏に刺繍のシュウの旁
噬,臍を噬む，口偏に筮竹のゼイ
噪,ソウ，口偏に操縦するのソウの旁
嚆,始まりを意味する嚆矢のコウ
嚀,ネイ，口偏に丁寧のネイ
嚊,かかあ天下のかかあ，口偏に鼻風邪のはな
嚠,リュウ，口偏に劉邦のリュウ
嚔,テイ，くさめ
嚏,テイ，くさめの異体字
嚥,嚥下するのエン
嚮,キョウ，生まれ故郷のキョウの下に向かう
嚶,オウ，口偏に桜の旧字の旁
嚴,厳重なのゲン，きびしいの旧字
囂,喧々囂々のゴウ
嚼,咀嚼するのシャク，かむ
囁,囁く
囃,五人囃子のはやし
囀,さえずる，口偏に運転のテンの旧字
囈,ゲイ，口偏に芸術のゲイの旧字
囎,ソ，口偏に貝殻のカイに木曽路のソの旧字
囑,ショク，嘱託するのショクの旧字
囓,ゲツ，口偏に齧歯類のゲツ
囗,イ，部首の国構え
囮,囮捜査のおとり
囹,レイ，国構えに命令するのレイ
圀,国の異体字，徳川光圀のクニ
囿,ユウ，国構えに有名人のユウ
圄,ゴ，国構えに田吾作のゴ
圉,ギョ，国構えに幸せ
圈,ケン，首都圏のケンの旧字
國,くに，国語のコクの旧字
圍,囲む，囲碁のイの旧字
圓,エン，百円玉のエンの旧字
團,ダン，団体行動のダンの旧字
圖,ズ，図書館のトの旧字
嗇,吝嗇家のショク
圜,カン，国構えに自然環境のカンの旁
圦,いり，土偏に入学するのニュウ
圷,あくつ，土偏に上下のゲ
圸,まま，土偏に山
坎,カン，あな，土偏に補欠のケツ
圻,キ，土偏に食パン1斤のキン
址,シ，城跡を意味する城址のシ
坏,高坏のツキ
坩,カン，るつぼ，土偏に甘い
埀,垂直のスイ，垂れるの異体字
垈,タイ，代表者のダイの下に土
坡,ハ，土偏に毛皮のかわ
坿,フ，土偏に付録のフ
垉,ホウ，土偏に包む
垓,数の単位のガイ
垠,ギン，土偏に大根のコンの旁
垳,がけ，土偏に旅行するのコウ
垤,テツ，ありづか，土偏に夏至のシ
垪,は，土偏に併合のヘイの旁
垰,たお，土偏に上と下
埃,埃まみれのほこり，塵埃のアイ
埆,カク，土偏につの
埔,ホ，土偏に詩人の杜甫のホ
埒,埒が開かないのラチ
埓,埒が開かないのラチの異体字
堊,アク，亜熱帯のアの旧字体の下に土
埖,ごみ，土偏に花火のはな
埣,サイ，土偏に卒業のソツ
堋,ホウ，土偏に朋友のホウ
堙,イン，土偏に煙突のエンの旁
堝,カ，土偏に鍋の旁
塲,場所のバの異体字
堡,橋頭堡のホ，保健室のホの下に土
塢,オ，土偏に烏合の衆のウ
塋,エイ，はか，営業のエイの旧字の呂の代わりに土
塰,あま，海の下に土
毀,名誉毀損のキ
塒,ジ，ねぐら，土偏に日時のジ
堽,コウ，土偏にあみがしらに正しい
塹,塹壕のザン
墅,ショ，野原のノの下に土
墹,まま，土偏に間
墟,廃墟のキョ
墫,樽の異体字
墺,オウ，土偏に奥歯のオクの旧字
壞,壊す，破壊のカイの旧字
墻,ショウ，土偏に吝嗇のショク
墸,土偏に著者のチョの旧字体
墮,堕落するのダの旧字
壅,ヨウ，擁立するのヨウの旁の下に土
壓,圧力のアツの旧字
壑,谷を意味するガク
壗,まま，土偏に我儘のママの旁
壙,コウ，土偏に広場のヒロの旧字
壘,累積するのルイの旧字
壥,土偏に雁垂に墨汁のボクの旧字
壜,ビン，土偏に曇り
壤,土壌改良のジョウの旧字
壟,ロウ，恐竜のリュウの旧字の下に土
壯,壮大なのソウの旧字
壺,思う壷のツボの正字
壹,契約書に使う数字壱の旧字
壻,花婿のムコの異体字，土偏
壼,コン，士の下にワ冠，亜熱帯のアの旧字
壽,ことぶき，寿命のジュの旧字
夂,チ，部首の冬がしら
夊,スイ，部首のすいにょう
夐,ケイ，すいにょうのはるか
夛,多い少ないの多いの異体字
梦,ゆめ，夢中のムの異体字
夥,カ，おびただしい
夬,カイ，わける，多数決のケツの旁
夭,夭折するのヨウ，わかい
夲,トウ，大きいの下に数字の十
夸,カ，誇張するのコの旁
夾,キョウ，挟むの旧字の旁
竒,奇妙なのキの異体字
奕,囲碁を意味するエキ
奐,カン，換気扇のカンの旁
奎,ケイ，大きいの下に土二つ
奚,ケイ，渓流釣りのケイの旧字の旁
奘,三蔵法師玄奘のジョウ
奢,豪奢のシャ，奢り
奠,お香奠のデン，酋長さんのシュウの下に大きい
奧,奥歯のオクの旧字
奬,奨学金のショウの旧字
奩,レン，ハコ，大きいの下に区別するのク
奸,カン，女偏に干す
妁,シャク，女偏に容積の単位の勺
妝,ショウ，将軍のショウの旧字の左側に女
佞,奸佞のネイ
侫,奸佞のネイの異体字
妣,ヒ，女偏に比較するのヒ
妲,ダツ，女偏に元旦のタン
姆,ボ，女偏に母
姨,イ，女偏に尊皇攘夷のイ
姜,生姜の2文字目，羊の下に女
妍,ケン，女偏に研究のケンの旁
姙,ニン，妊娠するのニンの異体字
姚,ヨウ，女偏に一兆円のチョウ
娥,ガ，女偏に我慢のガ
娟,ケン，女偏に絹糸のきぬの旁
娑,娑婆に出るのシャ
娜,婀娜っぽいのダ
娉,ヘイ，女偏に招聘するのヘイ
娚,ナン，女偏に男
婀,婀娜っぽいのア
婬,イン，女偏に淫乱のインの旁
婉,婉曲表現のエン
娵,シュ，女偏に取材のシュ
娶,めとる，シュ
婢,ヒ，女偏に卑屈なのヒ
婪,貪婪なのラン，林の下に女
媚,媚薬のビ，媚びる
媼,オウ，女偏に温泉のオンの旧字の旁
媾,コウ，女偏に溝の旁
嫋,ジョウ，たおやか
嫂,ソウ，あによめ
媽,ボ，女偏に馬
嫣,エン，女偏に終焉の地のエン
嫗,オウ，女偏に区別のクの旧字
嫦,ジョウ，女偏に非常口のジョウ
嫩,ドン，整理するのセイの上側
嫖,ヒョウ，女偏に投票のヒョウ
嫺,カン，女偏に門構えに月
嫻,カン，女偏に門構えに木曜日の木
嬌,愛嬌があるのキョウ
嬋,セン，女偏に単純のタンの旧字
嬖,ヘイ，辟易するのヘキの下に女
嬲,ジョウ，なぶる，男，女，男
嫐,ドウ，なやましい，女，男，女
嬪,別嬪のヒン
嬶,かかあ，女偏に鼻風邪の鼻
嬾,ラン，女偏に頼るの旧字
孃,お嬢様のジョウの旧字
孅,セン，女偏に籤引きのくじの下側
孀,ソウ，寡，女偏に霜柱のしも
孑,残りを意味するケツ，子供のコの右腕が欠けた形
孕,はらむ，ヨウ
孚,フ，はぐくむ，爪の下に子供のコ
孛,ボツ，勃発するの左側
孥,ド，奴の下に子供のコ
孩,ガイ，子偏に十二支の亥
孰,シュク，学習塾のジュクから土を取った形
孳,ジ，慈悲深いのジの心の代わりに子供のコ
孵,卵が孵化するのフ
學,学ぶ，学習のガクの旧字
斈,学ぶ，学習のガクの異体字
孺,ジュ，子偏に必需品のジュ
宀,ベン，部首のウ冠
它,タ，蛇から虫偏を取った形
宦,宦官のカン，ウ冠に総理大臣のジン
宸,シン，ウ冠に十二支の辰
寃,冤罪を晴らすのエンの異体字
寇,蒙古襲来の元寇のコウ
寉,鳥の鶴の異体字，ウ冠に隹
寔,ショク，ウ冠に是非のゼ
寐,夢寐のビ，ねむる
寤,覚めるを意味するゴ
實,実力のジツ，みの旧字
寢,寝室のシン，寝るの旧字
寞,寂寞のバク
寥,寂寥感のリョウ
寫,写真のシャ，写すの旧字
寰,カン，ウ冠に自然環境のカンの旁
寶,宝石のホウ，宝の旧字
寳,宝石のホウ，宝の旧字の異体字
尅,下剋上のコクの異体字，克服するのコクに寸
將,将軍のショウの旧字
專,専門のセンの旧字
對,反対のタイの旧字
尓,ジ，阿弥陀仏のミの旁
尠,セン，甚だしいに少ない
尢,オウ，部首の曲げ足
尨,ぼう，尨（むくいぬ）
尸,シ，部首のしかばね
尹,イン，伊勢エビのイの旁
屁,ヒ，屁理屈のへ
屆,届けるの旧字
屎,屎尿のシ，くそ
屓,贔屓のキ，しかばねに貝殻のカイ
屐,ゲキ，きぐつ，しかばねに行人偏に支援するのシ
屏,屏風のビョウ
孱,サン，尸に子供の子が三つ
屬,付属のゾクの旧字
屮,左を意味するサ，山の長い縦棒が下に抜ける
乢,カイ，山偏に礼儀のレイの旁
屶,カイ，なた，山の下に刀
屹,屹立するのキツ
岌,キュウ，山の下に普及するのキュウ
岑,シン，山の下に今月のコン
岔,タ，半分のブンの下に山
妛,山の下に漢数字の一，その下に女
岫,シュウ，いわあな，山偏に理由のユウ
岻,チ，山偏に低いの旁
岶,ハク，山偏に白い
岼,ゆり，山偏に平ら
岷,ビン，山偏に国民のミン
峅,くら，山偏に弁当のベン
岾,はけ，山偏に独占するのセン
峇,コウ，山の下に合格のゴウ
峙,対峙するのジ，山偏に寺
峩,山偏に我のガの異体字
峽,津軽海峡のキョウの旧字
峺,コウ，山偏に更科のさら
峭,ショウ，山偏に肖像画のショウ
嶌,トウ，島国のシマの異体字，山の下に鳥
峪,ヨク，山偏に谷
崋,渡辺崋山のカ
崕,がけ，断崖のガイの異体字
崗,花崗岩のコウ，岡山県のおかの異体字
嵜,長崎県のサキの異体字
崟,ギン，山の下に金曜日のキン
崛,クツ，山偏に理屈のクツ
崑,崑崙山脈のコン，山の下に昆虫のコン
崔,サイ，山の下に隹
崢,ソウ，山偏に争うの旧字
崚,リョウ，山偏に稜線のリョウの旁
崙,崑崙山脈のロン
崘,崑崙山脈のロンの異体字
嵌,嵌木細工の嵌める，カン
嵒,ガン，品物のしなの下に山
嵎,グウ，山偏に偶然のグウの旁
嵋,ビ，山偏に眉毛のまゆ
嵬,カイ，山の下に鬼
嵳,サ，山の下に差別化するのサ
嵶,たわ，山偏に弱い
嶇,ク，山偏に区別するのクの旧字
嶄,ザン，山の下に斬新なのザン
嶂,ショウ，山偏に文章を書くのショウ
嶢,ギョウ，山偏に尭舜のギョウの旧字
嶝,トウ，山偏に登山のト
嶬,ギ，山偏に義務のギ
嶮,ケン，山偏に試験を受けるのケンの旧字の旁
嶽,山岳部のガクの旧字
嶐,リュウ，山の下に隆起するのリュウに一画加えた形
嶷,ギ，山の下に疑問のギ
嶼,ショ，山偏に与えるの旧字
巉,ザン，山偏に讒言するのザンの旁
巍,ギ，山の下に魏志倭人伝のギ
巓,山の頂を意味する山巓のテン
巒,ラン，恋人のコイの旧字の心の代わりに山
巖,厳重なのゲン，厳しいの旧字
巛,セン，部首の曲がり川
巫,神社の巫女のフ
已,文法の已然形のイ
巵,シ，さかずきの異体字
帋,画用紙のシ，紙の異体字
帚,ほうき，掃除機のソウの旁
帙,チツ，幅偏に失う
帑,ド，奴の下に巾
帛,ハク，白鳥のハクの下に巾
帶,携帯のタイ，帯の旧字
帷,カタビラ，幅偏に隹
幄,アク，幅偏に屋上のオク
幃,イ，幅偏に偉大なのイの旁
幀,テイ，幅偏に貞淑なのテイ
幎,ベイ，幅偏に冥福を祈るのメイ
幗,カク，幅偏に国の旧字
幔,幔幕のマン，巾偏に鰻の旁
幟,旗幟を鮮明にするのシ，のぼり
幢,トウ，巾偏にグリム童話のドウ
幤,造幣局のヘイの異体字
幇,幇助するのホウ
幵,ケン，干すが二つ
并,ヘイ，併用するのヘイの旁
幺,ヨウ，部首の糸頭
麼,モ，麻酔のマの下に糸頭
广,ゲン，部首の麻垂
庠,ショウ，マダレニヒツジ
廁,かわや，麻垂に法則のソク
廂,ショウ，麻垂に相談するのソウ
廈,カ，麻垂に夏
廐,厩舎のキュウ，うまやの異体字，牙
廏,厩舎のキュウ，うまやの異体字，るまた
廖,リョウ，麻垂に誤謬のビュウの旁
廣,広場のヒロの旧字
廝,シ，麻垂に斯界の権威のシ
廚,厨房のチュウ，くりやの旧字
廛,テン，纏の旁
廢,廃止するのハイ，廃れるの旧字
廡,ブ，麻垂に無理のム
廨,カイ，麻垂に解決するのカイ
廩,リン，麻垂に稟議するのリン
廬,廬山のロ，麻垂に櫨の木のハゼの旁
廱,ヨウ，麻垂に川，口，巴，隹
廳,チョウ，気象庁のチョウの旧字
廰,チョウ，気象庁のチョウの旧字の異体字
廴,イン，部首のエンニョウ
廸,テキ，延繞に理由のユウ
廾,キョウ，部首の二重足
弃,廃棄するのキ，棄てるの異体字
弉,三蔵法師玄奘のジョウの異体字
彝,イ，語彙のイの上側に米，糸，二重足
彜,イ，語彙のイの上側に粉，二重足
弋,ヨク，部首の式構え
弑,弑逆するのシ，殺すの左側に入学式のシキ
弖,てにをはのて，弓の下に漢数字の一
弩,超弩級のド，奴の下に弓
弭,ビ，弓偏に耳
弸,ホウ，弓偏に朋友を意味するホウ
彁,弓偏に可能性のカを重ねる
彈,弾力のダン，弾むの旧字
彌,阿弥陀仏のミの旧字
彎,湾岸のワンの旧字の旁
弯,湾岸のワンの旁
彑,ケイ，部首のケイ頭
彖,タン，ケイ頭に豕（いのこ）
彗,ハレー彗星のスイ
彙,基本語彙のイ
彡,サン，部首の彡旁
彭,ホウ，膨張率のボウの旁
彳,テキ，部首の行人偏
彷,彷徨するのホウ，行人偏に親方のカタ
徃,往復するのオウの異体字
徂,儒学者の荻生徂徠のソ
彿,フツ，行人偏に弗
徊,徘徊するのカイ，行人偏に回る
很,コン，行人偏に大根のコンの旁
徑,円の半径のケイの旧字
徇,ジュン，行人偏に下旬のジュン
從,従事するのジュウ，従うの旧字
徙,シ，行人偏に止めるに走るの下側
徘,徘徊するのハイ，さまよう
徠,儒学者の荻生徂徠のライ
徨,彷徨するのコウ，さまよう
徭,ヨウ，行人偏に揺れるの旧字の旁
徼,キョウ，行人偏に激励するのゲキの旁
忖,忖度するのソン，立心偏に寸法のスン
忻,キン，立心偏にパン一斤のキン
忤,ゴ，立心偏に正午のゴ
忸,忸怩たるのジク，はじる
忱,シン，立心偏に沈没するのチンの旁
忝,テン，かたじけない，添付するのテンの旁
悳,トク，道徳のトクの異体字
忿,フン，分別の下に心
怡,イ，立心偏に台所のダイ
恠,怪物のカイの異体字，立心偏に存在のザイ
怙,依怙贔屓のコ，立心偏に中古車のコ
怐,コウ，立心偏に俳句のク
怩,忸怩たるのジ，はじる
怎,ソウ，昨夜のサクの旁の下に心
怱,ソウ，葱の草冠の下側
怛,ダツ，立心偏の元旦のタン
怕,ハ，おそれる，立心偏に白い
怫,フツ，立心偏に弗
怦,ヒョウ，立心偏に平和のヘイ
怏,オウ，立心偏に中央のオウ
怺,エイ，立心偏に永久のエイ
恚,イ，土二つの下に心
恁,ジン，責任のニンの下に心
恪,カク，立心偏に各自のカク
恷,キュウ，休日のキュウの下に心
恟,キョウ，立心偏に体の胸の旁
恊,協力するのキョウの異体字
恆,恒温動物のコウ，恒にの旧字
恍,恍惚の人のコウ
恣,恣意的なのシ，ほしいまま
恃,矜恃を保つのジ
恤,ジュツ，立心偏に血液のケツ
恂,ジュン，立心偏に下旬のジュン
恬,無欲恬淡のテン
恫,恫喝するのドウ
恙,ヨウ，恙なく暮らすのツツガ
悁,エン，立心偏に絹糸のキヌの旁
悍,精悍な顔付きのカン
惧,危惧するのグ
悃,コン，立心偏に困る
悚,ショウ，立心偏に束
悄,悄然たる姿のショウ，立心偏に肖像画のショウ
悛,悔悛の情のシュン
悖,ボツ，立心偏に勃発するのボツの左側
悗,バン，立心偏に免許のメン
悒,ユウ，立心偏に都邑のユウ
悧,怜悧のリ，立心偏に権利のリ
悋,嫉妬を意味する悋気のリン
惡,善悪のアク，悪いの旧字
悸,動悸がするのキ
惠,恵む，知恵のエの旧字
惓,ケン，立心偏に海苔巻きのマキ
悴,憔悴するのスイ
忰,憔悴するのスイの異体字
悽,セイ，立心偏に夫妻のサイ，つま
惆,チュウ，立心偏に周辺のシュウ
悵,チョウ，立心偏に長短のチョウ
惘,ボウ，立心偏に網膜のモウの旁
慍,ウン，立心偏に温泉のオンの旧字体の旁
愕,驚愕するのガク
愆,ケン，敷衍するのエンの下に心
惶,コウ，立心偏に皇太子のコウ
惷,シュン，季節の春の下に心
愀,ショウ，立心偏に季節の秋
惴,ズイ，立心偏に喘息のゼンの旁
惺,セイ，立心偏に星
愃,セン，立心偏に宣伝するのセン
愡,ソウ，立心偏に葱の草冠の下側
惻,惻隠の情のソク，立心偏に法則のソク
惱,悩む，苦悩するのノウの旧字
愍,ビン，民とのぶんの下に心
愎,フク，立心偏に往復のフクの旁
慇,慇懃なのイン
愾,キ，立心偏に空気のキの旧字
愨,まことを意味するカク
愧,慚愧に堪えないのキ
慊,ケン，立心偏に兼ねる
愿,ゲン，野原のハラの下に心
愼,慎重なのシン，慎むの旧字
愬,ソ，八朔のサクの下に心
愴,悲愴なのソウ，立心偏に鎌倉幕府のくら
愽,博物館のハクの異体字
慂,ヨウ，小涌谷のワクの下に心
慄,戦慄するのリツ
慳,ケン，立心偏に堅実なのケン
慷,悲憤慷慨のコウ，立心偏に家康のヤス
慘,惨敗するのザン，惨めの旧字
慙,慚愧に堪えないのザン，下心
慚,慚愧に堪えないのザン，立心偏
慫,ショウ，服従するのジュウの旧字の下に心
慴,ショウ，立心偏に練習するのシュウ，習う
慯,ショウ，立心偏に切り傷のキズ
慥,ソウ，立心偏に改造するのゾウ
慱,タン，立心偏に専門のセンの旧字
慟,慟哭するのドウ
慝,トク，匿名のトクの下に心
慓,ヒョウ，立心偏に投票するのヒョウ
慵,ヨウ，立心偏に凡庸なのヨウ
憙,キ，喜怒哀楽の下に心
憖,ギン，来年のライの旧字と犬の下に心
憇,休憩のケイ，憩うの異体字
憬,憧憬の的のケイ，立心偏に風景のケイ
憔,憔悴するのショウ
憚,忌憚のないのタン，はばかる
憊,疲労困憊のハイ
憑,憑依するのヒョウ，狐憑きのつく
憫,憐憫のビン，立心偏に門構えに文章を書くのブン
憮,憮然とするのブ
懌,エキ，立心偏に沢の旧字の旁
懊,懊悩するのオウ，悩む
應,応援するのオウの旧字
懷,懐中電灯のカイ，ふところの旧字
懈,懈怠するのケ，立心偏に解決するのカイ
懃,慇懃無礼のギン
懆,ソウ，立心偏に操縦するのソウの旁
憺,苦心惨憺のタン，立心偏に担任のタンの旧字の旁
懋,ボウ，林の間に矛盾するのム，その下に心
罹,罹患するのリ，かかる
懍,リン，立心偏に稟議するのリン
懦,怯懦のダ，よわい，立心偏に必需品のジュ
懣,憤懣やる方なしのマン
懶,懶惰なのラン，立心偏に依頼するのライの旧字
懺,懺悔するのザン，くいる
懴,懺悔するのザン，くいるの異体字
懿,第四代懿徳天皇のイ
懽,カン，立心偏に灌漑用水のカンの旁
懼,恐懼するのク，立心偏に目が二つの下に隹
懾,ショウ，立心偏に耳三つ
戀,恋人のコイの旧字
戈,カ，部首の戈旁
戉,まさかり，エツ，金偏なし
戍,ジュ，まもる，戊辰戦争のボの中にテン
戌,ジュツ，十二支のイヌ
戔,サン，浅いの旧字の旁
戛,カツ，頁のハの代わりに戈旁
戞,カツ，憂鬱のユウの上側に戈旁
戡,カン，甚だしいの右に戈旁
截,截然たるのセツ，栽培するのサイの木の代わりに隹
戮,殺戮するのリク
戰,戦争のセン，たたかうの旧字
戲,戯曲のギの旧字
戳,タク，洗濯物のタクの旁に戈旁
扁,ヘン，編集する，編むの旁
扎,サツ，手偏に礼儀のレイの旁
扞,カン，手偏に干す
扣,コウ，手偏に口
扛,コウ，手偏に図画工作のコウ
扠,サ，手偏に夜叉のシャ
扨,さて，手偏に刃の異体字
扼,切歯扼腕のヤク
抂,キョウ，手偏に王様のオウ
抉,ケツ，手偏に多数決のケツの旁
找,カ，手偏に戈旁
抒,抒情詩のジョ，手偏に予定のヨ
抓,ソウ，つねる，手偏に爪
抖,トウ，手偏に北斗七星のト
拔,抜群のバツ，抜けるの旧字
抃,抃舞するのベン，手偏になべぶたの下に片仮名のト
抔,ホウ，手偏に不思議のフ
拗,拗音のヨウ，手偏に幼い
拑,カン，手偏に甘い
抻,シン，手偏に申告するのシン
拏,拏捕するのダ，奴の下に手
拿,拿捕するのダ，合格のゴウの下に手
拆,タク，手偏に排斥運動のセキ
擔,担任のタンの旧字
拈,ネン，手偏に独占するのセン
拜,拝むの旧字
拌,攪拌するのハン，かきまぜる
拊,フ，手偏に付録のフ
拂,金を払うのはらうの旧字
拇,拇印を押すのボ
抛,抛擲するのホウ，手偏に漢数字の九に力
拉,拉致するのラ
挌,カク，手偏に各自のカク
拮,拮抗するのキツ
拱,こまぬく，キョウ，手偏に共通のキョウ
挧,ウ，手偏に羽毛のウ
挂,ケイ，手偏に土二つ
挈,ケツ，契約するのケイの大の代わりに手
拯,ジョウ，手偏に大臣を意味する丞相のジョウ
拵,こしらえる，ソン
捐,義捐金のエン，手偏に絹糸のきぬの旁
挾,キョウ，挟むの旧字
捍,カン，手偏に日照りを意味する旱魃のカン
搜,捜査状のソウ，捜すの旧字
捏,捏造するのネツ，こねる
掖,エキ，手偏に昼夜のよる
掎,キ，手偏に奇妙なのキ
掀,キン，手偏に欣喜雀躍のキン
掫,ソウ，手偏に取材するのシュ
捶,スイ，手偏に垂直のスイ
掣,セイ，制限するのセイの下に手
掏,トウ，手偏に陶芸家のトウの旁
掉,チョウ，手偏に卓球のタク
掟,おきて，手偏に定める
掵,はば，手偏に命
捫,モン，手偏に専門のモン
捩,レイ，ねじる，手偏に戻る
掾,エン，手偏に縁側のエンの旧字の旁
揩,カイ，手偏に皆様ミナ
揀,カン，手偏に魚の鰊の旁
揆,百姓一揆のキ
揣,揣摩憶測のシ，手偏に端末のタンの旁
揉,揉む，手偏に柔道のジュウ
插,挿入するのソウ，さすの旧字
揶,揶揄するのヤ
揄,揶揄するのユ
搖,揺れる，動揺するのヨウの旧字
搴,ケン，寒いの下二点の代わりに手
搆,コウ，手偏に溝の旁
搓,サ，手偏に差別化するのサ
搦,搦め手の搦め，手偏に強弱のジャク
搶,ソウ，手偏に鎌倉幕府のクラ
攝,摂生するのセイ，とるの旧字
搗,餅搗きのつき
搨,トウ，手偏に日曜日の日の下に羽
搏,脈搏のハク，手偏に博物館のハクの旁
摧,サイ，手偏に催しの旁
摯,真摯な態度のシ，執事のシツの下に手
摶,タン，手偏に専門のセンの旧字
摎,コウ，手偏に膠の旁
攪,攪乱するのコウ，みだす
撕,シ，手偏に斯界の権威のシ
撓,不撓不屈のトウ，たわむ
撥,はねる，ハツ，手偏に発明のハツの旧字
撩,撩乱のリョウ，手偏に同僚のリョウの旁
撈,漁撈のロウ，手偏に労働のロウの旧字
撼,震撼させるのカン，手偏に感想文のカン
據,拠点のキョの旧字
擒,キン，手偏に猛禽類のキン
擅,独擅場のセン，手偏に檀家のダンの旁
擇,選択肢のタクの旧字
撻,鞭撻するのタツ
擘,ヘキ，壁の土の代わりに手
擂,ライ，手偏に雷
擱,擱座するのカク，手偏に天守閣のカク
擧,選挙のキョ，挙げるの旧字
舉,選挙のキョ，挙げるの旧字の異体字
擠,セイ，手偏に臍の旁
擡,擡頭するのタイ，手偏に台所の台の旧字
抬,タイ，手偏に台所の台
擣,トウ，手偏に寿の旧字
擯,ヒン，手偏に来賓のヒン
攬,ラン，手偏に博覧会のランの旧字
擶,セン，手偏に竹冠に前
擴,拡大するのカクの旧字
擲,投擲競技のテキ，なげうつ
擺,ハイ，手偏に罷免するのヒ
攀,岸壁を登攀するのハン
擽,リャク，手偏に音楽のガクの旧字
攘,尊皇攘夷のジョウ，はらう
攜,携帯するのケイ，たずさえるの異体字
攅,サン，集める，手偏に賛成するのサン
攤,タン，手偏に困難なのナンの旧字
攣,痙攣を起こすのレン
攫,一攫千金のカク，つかむ
攴,ボク，部首のとまた
攵,ボク，部首ののぶん，敗北するのハイの旁
攷,コウ，技巧的なのコウの旁の右にのぶん
收,収入のシュウの旧字
攸,ユウ，人偏に縦棒にのぶん
畋,テン，水田のデンにのぶん
效,効果的なのコウの旧字
敖,ゴウ，傲慢なのゴウの旁
敕,勅命のチョクの旧字
敍,自叙伝のジョの旧字
敘,自叙伝のジョの異体字
敞,海軍工廠のショウの垂れなし
敝,敝衣破帽のヘイ，二重足なし
敲,推敲を重ねるのコウ，たたく
數,算数のスウの旧字
斂,一点に収斂するのレン
斃,野垂れ死にを意味する斃死のヘイ
變,変化するのヘン，変えるの旧字
斛,容量の単位の斛，角偏に単位の斗
斟,斟酌するのシン，くむ
斫,シャク，石偏にパン一斤のキン
斷,断念するのダンの旧字
旃,セン，方偏に栴檀の木のセンの旁
旆,大きな旗を意味する大旆のハイ
旁,ホウ，漢字の部首の旁
旄,毛で作った旗飾りのボウ
旌,旗印を意味するセイ
旒,旗を数える単位のリュウ
旛,旗が翻る様のハン
旙,旗が翻る様のハンの異体字
无,ム，ない，天気予報のテンの四画目を乙にする
旡,キ，つまる，既得権のキ，すでにの旁
旱,旱魃のカン，ひでり
杲,コウ，あきらか，日曜日のニチの下に樹木のモク
昊,コウ，日曜日のニチの下に天気予報のテン
昃,ソク，日曜日のニチの下に仄聞するのソク
旻,ビン，あきぞら，日曜日のニチの下に作文のブン
杳,杳として知れないのヨウ，曜日の木の下に日
昵,昵懇の間柄のジツ，日偏に尼寺のあま
昶,チョウ，永久のエイの右に日曜日のニチ
昴,すばる
昜,ヨウ，太陽系のヨウの旁
晏,アン，日曜日のニチの下に安心のアン
晄,コウ，日偏に光
晉,中国の国名の晋，すすむの旧字
晁,チョウ，日曜日のニチの下に一兆円のチョウ
晞,キ，日偏に希望のキ
晝,昼休みのひる，チュウの旧字
晤,ゴ，日偏に田吾作のゴ
晧,コウ，日偏に告げる
晨,シン，日曜日のニチの下に十二支のたつ
晟,セイ，日曜日のニチの下に成長するのセイ
晢,セツ，骨折するのセツの下に日曜日のニチ
晰,頭脳明晰のセキ
暃,日曜日のニチの下に非常口のヒ
暈,めまいを意味する眩暈のウン
暎,エイ，日偏に英雄のエイ
暉,キ，日偏に軍隊のグン
暄,ケン，日偏に宣伝のセン
暘,ヨウ，日偏に太陽系のヨウの旁
暝,メイ，日偏に冥福を祈るのメイ
曁,キ，既得権のキにの下に元旦のタン
暹,セン，進歩のシンの上に日曜日のニチ
曉,暁の旧字
暾,トン，日偏に中国の敦煌のトン
暼,ヘツ，一瞥するのベツの目の代わりに曜日の日
曄,ヨウ，日偏に中華鍋のカ
暸,リョウ，明瞭なのリョウの目の代わりに曜日の日
曖,曖昧なのアイ
曚,ボウ，日偏に啓蒙するのモウ
曠,曠野のコウ，日偏に広いの旧字
昿,コウ，日偏に広い
曦,ギ，美しい太陽を意味する日偏のギ
曩,ノウ，曜日の日の下に譲の旧字の旁
曰,曰く付きのいわく
曵,船を曳航するのエイの異体字
曷,カツ，褐色のカツの旁
朏,ヒ，みかづき，月偏に出る
朖,朗読のロウの異体字，月偏に改良するのリョウ
朞,キ，基本のキの土の代わりに月
朦,朦朧とするのモウ
朧,朦朧とするのロウ
霸,制覇するのハの旧字
朮,ジュツ，述語のジュツの旁
朿,シ，とげ，刺激するのシの左側
朶,耳たぶを意味する耳朶のダ
杁,いり，木偏に入る
朸,ロク，木偏に力
朷,トウ，木偏に刀
杆,カン，木偏に干す
杞,杞憂に終わるのキ
杠,コウ，木偏に図画工作のコウ
杙,ヨク，木偏に代表のダイの旁
杣,そま，木偏に山
杤,栃木県のとちの異体字，木偏に万年筆のマン
枉,オウ，まがる，木偏に王様のオウ
杰,豪傑のケツの異体字，木材のモクの下にれんが
枩,松の木のマツの異体字
杼,ジョ，木偏に予定のヨ
杪,ビョウ，こずえ，木偏に少ない
枌,フン，木偏に半分のブン
枋,ホウ，木偏に正方形のホウ
枦,櫨の木のハゼの異体字，木偏に戸締まりのト
枡,ます，木偏に一升瓶のショウ
枅,ケイ，木偏に正方形のケイの左側
枷,カ，木偏に加速度のカ
柯,カ，木偏に可能性のカ
枴,カイ，木偏に誘拐犯のカイの旁
柬,カン，諫めるの旁
枳,からたち，木偏に只今のタダ
柩,ヒツギ，霊柩車のキュウ
枸,ク，木偏に俳句のク
柤,サ，木偏に尚且つのかつ
柞,サク，木偏に作文のサクの旁
柝,タク，木偏に排斥運動のセキ
柢,テイ，木偏に低いの旁
柮,トツ，木偏に外出するのシュツ
枹,フ，木偏に雹が降るのヒョウの下側
柎,フ，木偏に付録のフ
柆,ロウ，木偏に独立のリツ
柧,コ，木偏に瓜
檜,植物のひのき，木偏に会社のカイの旧字
栞,栞を挟むのしおり
框,上がり框のかまち
栩,ク，木偏に羽毛のウ
桀,ケツ，豪傑のケツの旁
桍,コ，木偏に袴の旁
栲,コウ，木偏に参考書のコウ
桎,桎梏となる，あしかせ，木偏に夏至のシ
梳,ソ，くしけずる，木偏に流れるの旁
栫,ソン，木偏に存在するのソン
桙,ウ，ほこ，釈迦牟尼のム
档,トウ，木偏に弁当のトウ
桷,カク，木偏に角
桿,カン，木偏に干すの異体字
梟,ふくろう
梏,桎梏となるのコク，てかせ
梭,サ，木偏に俊敏さのシュンの旁
梔,植物のくちなし
條,条件のジョウの旧字
梛,ダ，木偏に若旦那のナ
梃,梃子入れのてこ，テイ
檮,トウ，木偏に寿の旧字
梹,植物の檳_樹のビンの異体字，木偏に兵隊のヘイ
桴,フ，木偏に爪の下に子供のコ
梵,梵字のボン
梠,リョ，木偏にお風呂のロ
梺,ふもと，林の下に上下のした
椏,ア，木偏に亜熱帯のアの旧字
梍,ソウ，木偏に白黒のしろに漢数字の七
桾,クン，木偏に諸君のクン
椁,カク，木偏に享楽的なのキョウ
棊,キ，将棋を指すのギの異体字
椈,キク，木偏に菊の花のキクの草冠なし
棘,とげ，棘皮動物のキョク
椢,カイ，木偏に国語のコク
椦,ケン，木偏に乗車券のケンの刀の代わりに力
棡,コウ，木偏に岡山県のおか
椌,コウ，木偏に空気のクウ
棍,棍棒のコン，木偏に昆虫のコン
棔,コン，木偏に昏睡状態のコン
棧,桟橋のサンの旧字
棕,棕櫚の木のシュ
椶,棕櫚の木のシュの異体字
椒,山椒魚のショウ
椄,ショウ，木偏に妾
棗,植物のなつめ
棣,テイ，木偏に隷旁
椥,チ，木偏に知識のチ
棹,トウ，さお，木偏に卓球のタク
棠,トウ，国会議事堂のドウの土の代わりに木材のモク
棯,ジン，木偏に残念のネン
椨,たぶのき，木偏に都道府県のフ
椪,植物の椪柑のポン，木偏に並ぶ
椚,植物のくぬぎ，木偏に専門のモン
椣,植物のしで，木偏に国語辞典のテン
椡,植物のくぬぎ，木偏に到着のトウ
棆,リン，木偏に倫理的なのリン
楹,エイ，木偏にみちる，エイ
楷,楷書体のカイ
楜,コ，木偏に黒胡椒のコ
楸,シュウ，木偏に季節のアキ
楫,シュウ，木偏に口の下に耳
楔,楔形文字のくさび，セツ
楾,はんぞう，木偏に泉
楮,植物のこうぞ
椹,チン，木偏に甚だしい
楴,テイ，木偏に帝王のテイ
椽,テン，木偏に縁側のエンの旧字体の旁
楙,ボウ，林の間に矛盾のム
椰,椰子の木のヤ
楡,楡の木のニレ
楞,ロウ，木偏に網頭に親方のかた
楝,レン，木偏に諫めるの旁
榁,むろの木のむろ，木偏に室町のむろ
楪,チョウ，木偏に喋るの旁
榲,オツ，木偏に温泉のオンの旧字体の旁
榮,栄養のエイ，栄えるの旧字
槐,カイ，植物のえんじゅ
榿,キ，木偏に鎧の旁
槁,コウ，木偏に高い低いの高い
槓,コウ，木偏に貢ぐ
榾,コツ，木偏に骨
槎,サ，木偏に差別化するの差
寨,サイ，寒いの下二点の代わりに木材のモク
槊,サク，八朔のサクの下に木材のモク
槝,かしの木のかし，木偏に島国のしま
榻,トウ，木偏に曜日のニチの下に羽
槃,涅槃のハン
榧,かやの木のかや
樮,ほくそ，木偏に西の下に火曜日のカ
榑,フ，木偏に博物館のハクの旧字の旁
榠,メイ，木偏に冥福を祈るのメイ
榜,標榜するのボウ
榕,ヨウ，木偏に容積のヨウ
榴,リュウ，ざくろ，木偏に留学するのリュウ
槞,ロウ，木偏に恐竜のリュウ
槨,カク，木偏に輪郭のカク
樂,音楽のガク，楽しいの旧字
樛,キュウ，手偏に膠の旁
槿,キン，植物のむくげ
權,権利のケンの旧字
槹,コウ，木偏に皐月の一文字目
槲,コク，木偏に角に北斗七星のト
槧,ザン，斬新なのザンの下に木材のモク
樅,もみの木のもみ
榱,スイ，木偏に衰える
樞,中枢のスウの旧字
槭,シュク，木偏に遠い親戚のセキ
樔,ソウ，木偏に蜂の巣のス
槫,セン，木偏に専門のセンの旧字
樊,鳥かごの意味の樊籠のハン
樒,ミツ，木偏に秘密のミツ
櫁,ミツ，木偏に蜂蜜のミツ
樣,神様のさま，ヨウの旧字
樓,摩天楼のロウの旧字
橄,橄欖山のカン，木偏に勇敢なのカン
樌,カン，木偏に一貫するのカン
橲,じさ，木偏に喜劇のキ
樶,サイ，木偏に最大最小のサイ
橸,まさ，木偏に水晶玉のショウ
橇,セイ，乗り物のそり
橢,楕円形のダの旧字
橙,トウ，植物の橙
橦,トウ，木偏に童
橈,ドウ，たわむ，橈骨のトウ
樸,ボク，木偏に一人称の僕の旁
樢,チョウ，木偏に焼き鳥のとり
檐,エン，惨憺たるのタンの旁
檍,ヨク，木偏に意味がないのイ
檠,ケイ，尊敬するのケイの下に木材のモク
檄,檄を飛ばすのゲキ
檢,検査するのケンの旧字
檣,ショウ，ほばしら
檗,黄檗宗のバク，壁の土の代わりに木材のモク
蘗,黄檗宗のバクの異体字
檻,折檻するのカン，おり
櫃,お櫃のヒツ
櫂,トウ，船を漕ぐ櫂
檸,ネイ，檸檬の一文字目
檳,植物の檳榔樹のビン
檬,モウ，檸檬の二文字目
櫞,枸櫞酸のエン，木偏に縁側のエンの旧字
櫑,ライ，木偏に水田のデンが三つ
櫟,くぬぎ，レキ，木偏に音楽家のガクの旧字
檪,くぬぎ，レキ，木偏に音楽家のガク
櫚,棕櫚の木のロ
櫪,レキ，木偏に歴史家のレキの旧字体
櫻,桜の旧字
欅,けやき，木偏に選挙権のキョの旧字
蘖,ゲツ，ひこばえ
櫺,レイ，木偏に雨冠に口三つ
欒,一家団欒のラン
欖,橄欖山のラン，木偏に博覧会のランの旧字
鬱,憂鬱なのウツ
欟,カン，木偏に観客のカンの旧字
欸,アイ，挨拶のアイの旁に不可欠のケツ
欷,キ，希望のキに不可欠のケツ
盜,盗難のトウ，ぬすむの旧字
欹,キ，奇妙なのキに不可欠のケツ
飮,飲料水のイン，飲むの旧字
歇,間歇泉のケツ，褐色のカツの旁に不可欠のケツ
歃,ソウ，挿入句のソウの旧字の旁に不可欠のケツ
歉,ケン，兼ねるに不可欠のケツ
歐,欧米のオウの旧字
歙,キュウ，合格のゴウの下に羽毛のウ，その右に不可欠のケツ
歔,キョ，虚栄心のキョの旧字に不可欠のケツ
歛,カン，検査するのケンの旧字の旁に不可欠のケツ
歟,ヨ，与えるの旧字に不可欠のケツ
歡,歓迎するのカンの旧字
歸,帰宅するのキ，帰るの旧字
歹,ガツ，部首の歹（かばね）偏
歿,ボツ，歹偏に沈没のボツの旧字の旁
殀,ヨウ，歹偏に妖怪変化のヨウの旁
殄,テン，歹偏に診察するのシンのつくり
殃,オウ，歹偏に中央のオウ
殍,ヒョウ，歹偏に爪の下に子供の子
殘,残念のザン，残るの旧字
殕,ホウ，歹偏に倍率のバイの旁
殞,イン，歹偏に学級委員のイン
殤,ショウ，歹偏に切り傷の旁
殪,エイ，歹編に契約書に使う数字壱の旧字
殫,タン，歹偏に単純のタンの旧字
殯,ヒン，もがり，歹偏に来賓のヒン
殲,敵を殲滅するのセン
殱,敵を殲滅するのセンの異体字
殳,シュ，部首のるまた
殷,中国の王朝のイン
殼,貝殻のから，カクの旧字
毆,殴打するのオウ，殴るの旧字
毋,ブ，なかれ，毎日のマイの下側
毓,イク，毎日のマイに流れるの旁
毟,むしる，少ないの下に羽毛のモウ
毬,まり，羽毛のモウの右に求める
毫,揮毫するのゴウ
毳,セイ，羽毛のモウが三つ
毯,絨毯のタン，羽毛のモウに炎
麾,家康麾下のキ，麻酔のマの下に羽毛のモウ
氈,毛氈苔のセン
氓,ボウ，亡命するのボウの右に国民のミン
气,キ，部首の気構え
氛,フン，気構えに半分のブン
氤,イン，気構えに因果応報のイン
氣,空気のキの旧字
汞,コウ，図画工作のコウの下に水
汕,サン，三水に山
汢,ぬた，三水に土
汪,オウ，三水に王様のオウ
沂,ギ，三水に食パン1斤のキン
沍,ゴ，三水に互い
沚,シ，三水に禁止するのシ
沁,シン，シミル，三水に心
沛,沛然たる雨のハイ
汾,フン，三水に半分のブン
汨,汨羅のベキ，三水に曜日のニチ
汳,ハン，三水に反対するのハン
沒,沈没するのボツの旧字
沐,沐浴するのモク
泄,排泄物のセツ
泱,オウ，三水に中央のオウ
泓,オウ，三水に弘法大師のコウ
沽,沽券に関わるのコ，三水に中古品のコ
泗,シ，三水に漢数字の四
泅,シュウ，三水に囚人服のシュウ
泝,ソ，三水に排斥運動のセキ
沮,意気沮喪のソ，三水に阻止するのソの旁
沱,ダ，三水に仏陀のダの旁
沾,テン，三水に独占するのセン
沺,テン，三水に水田のデン
泛,ハン，三水に貧乏のボウ
泯,ビン，三水に国民のミン
泙,ヘイ，三水に平和のヘイ
泪,涙の異体字，三水に目的のモク
洟,はなみず，イ，三水に攘夷のイ
衍,敷衍するのエン
洶,キョウ，三水に胸が痛むのむねの旁
洫,キョク，三水に血液のケツ
洽,コウ，三水に合格のゴウ
洸,コウ，三水に光
洙,シュ，三水に朱色のシュ
洵,シュン，三水に下旬のジュン
洳,ジョ，三水に突如のジョ
洒,お洒落のシャ，三水に西
洌,清冽な泉のレツ，三水に行列のレツ
浣,浣腸するのカン，三水に完了するのカン
涓,ケン，三水に絹糸のきぬの旁
浤,コウ，三水にウ冠に片仮名のナとム
浚,浚渫するのシュン
浹,ショウ，三水に狭いの旧字の旁
浙,浙江省のショウ，三水に骨折するのセツ
涎,垂涎の的のゼン，よだれ
涕,テイ，なみだ，三水に弟
濤,怒濤のトウ，なみ
涅,涅槃のネ
淹,エン，三水に奄美大島の一文字目
渕,淵の異体字，三水に花が咲くのさくの旁に立刀
渊,淵の異体字，縦棒二本の中に米
涵,徳を涵養するのカン
淇,キ，三水に基本のキから土をとった形
淦,カン，三水に金曜日のキン
涸,かれる，三水に固まる
淆,玉石混淆のコウ
淬,サイ，三水に卒業のソツ
淞,ショウ，三水に松の木のマツ
淌,ショウ，三水に和尚さんのショウ
淨,浄水器のジョウの旧字
淒,セイ，三水に妻夫のつま
淅,セキ，三水に分析するのセキ
淺,浅いの旧字
淙,ソウ，三水に宗教改革のシュウ
淤,淤血のオ，とどこおる
淕,リク，三水に陸上のリクの旁
淪,リン，三水に結論のロンの旁
淮,淮河のワイ，三水に隹
渭,渭水のスイ，三水に胃袋のイ
湮,証拠湮滅のイン，三水に煙の旁
渮,カ，三水に苛つく
渙,大詔渙発のカン，三水に換気扇のカンの旁
湲,エン，三水に応援するのエンの旁
湟,コウ，三水に皇太子のコウ
渾,渾身の力のコン，三水に軍隊のグン
渣,サ，三水に検査のサ
湫,シュウ，三水に秋祭りのアキ
渫,浚渫するのセツ
湶,セン，三水に温泉のセン
湍,タン，三水に端末のタンの旁
渟,テイ，三水に亭主関白のテイ
湃,ハイ，三水に拝むの旧字
渺,ビョウ，三水に目的のモクに少ない
湎,沈湎するのメン，三水に地面のメン
渤,渤海湾のボツ
滿,満足のマンの旧字
渝,ユ，三水に楡の木のにれの旁
游,ユウ，遊ぶのしんにょうの代わりに三水
溂,溌溂のラツ，三水に刺激するのシ
溪,渓流釣りのケイの旧字
溘,コウ，三水に去年のキョに皿
滉,コウ，三水に幌馬車のホロの旁
溷,コン，三水に国構えの中に豚の旁
滓,残滓のシ，三水にウ冠に辛い
溽,ジョク，三水に侮辱のジョク
溯,遡上するのソ，三水に八朔のサク
滄,ソウ，三水に鎌倉幕府のくら
溲,ソウ，三水に三番叟のソウ
滔,水がとうとうと流れるのトウ
滕,トウ，藤の花のふじの草冠なし
溏,トウ，三水に遣唐使のトウ
溥,清国皇帝の溥儀のフ
滂,ボウ，三水に路傍のボウの旁
溟,メイ，三水に冥福を祈るのメイ
潁,エイ，片仮名のヒの下に水，その右に頁
漑,灌漑用水のガイ
灌,灌漑用水のカン
滬,コ，三水に跋扈するのコ
滸,水滸伝のコ
滾,滾る，コン
漿,ショウ，将軍のショウの旧字の下に水
滲,シン，にじむ，三水に参加するのサンの旧字
漱,夏目漱石のソウ，すすぐ
滯,渋滞するのタイ，滞るの旧字
漲,チョウ，みなぎる
滌,テキ，三水に条件のジョウの旧字
漾,ヨウ，三水に神様のかみの旧字の旁
漓,墨痕淋漓のリ，三水に離陸の離の左側
滷,ロ，三水に鹵獲品のロ
澆,ギョウ，三水に尭舜のギョウの旧字
潺,サン，三水に尸の下に子供のコ三つ
潸,サン，三水に林の下に月
澁,渋滞するのジュウ，しぶいの旧字
澀,渋滞するのジュウ，しぶいの旧字の異体字
潯,ジン，三水に尋常小学校のジン
潛,潜水艦のセン，もぐるの旧字
濳,潜水艦のセン，もぐるの異体字
潭,タン，三水に西の下に早起きの早い
澂,水が澄むのすむの異体字
潼,トウ，三水にグリム童話のドウ
潘,ハン，三水に番号のバン
澎,ホウ，三水に鼓の左側に彡旁
澑,溜飲が下がるのリュウ，たまりの異体字
濂,レン，三水に廉価版のレン
潦,ロウ，三水に明瞭なのリョウの旁
澳,オウ，三水に奥歯のオクの旧字
澣,カン，三水に新幹線のカン
澡,ソウ，三水に操縦するのソウの旁
澤,光沢のコウ，さわの旧字
澹,暗澹たる雲行きのタン
濆,フン，三水に噴火するのフンの旁
澪,澪標のみお，レイ
濟,救済するのサイ，済ますの旧字
濕,湿度のシツ，湿るの旧字
濬,シュン，三水に比叡山のエイの左側
濔,ビ，三水に率爾ながらのジ
濘,泥濘のネイ，三水に丁寧のネイ
濱,砂浜のはまの旧字
濮,ボク，三水に一人称の僕
濛,モウ，三水に啓蒙するのモウ
瀉,一瀉千里のシャ，三水に写真のシャの旧字
瀋,中国の瀋陽のシン，三水に審査するのシン
濺,セン，三水に下賤なのセン
瀑,ナイアガラ瀑布のバク
瀁,ヨウ，三水に養う
瀏,リュウ，三水に劉邦のリュウ
濾,濾過するのロ，こす
瀛,海を意味する三水のエイ
瀚,浩瀚な蔵書のカン
潴,チョ，三水に猪
瀝,披瀝するのレキ
瀘,ロ，三水に櫨の木のはぜの旁
瀟,瀟洒な建物のショウ
瀰,ビ，三水に阿弥陀仏のミの旧字
瀾,波瀾万丈のラン
瀲,レン，三水に一点に収斂するのレン
灑,サイ，三水に中華鍋のカ
灣,湾岸のワンの旧字
炙,人口に膾炙するのシャ，あぶる
炒,炒める，炒飯の一文字目
炯,炯眼の士のケイ，火偏に同構えに口
烱,火偏の炯眼の士のケイの異体字
炬,キョ，かがりび，火偏に巨大なのキョ
炸,爆弾が炸裂するのサク
炳,ヘイ，火偏に甲乙丙のヘイ
炮,ホウ，火偏に包む
烟,煙突のエンの異体字，火偏に因果応報のイン
烋,コウ，休日のキュウにれんが
烝,ジョウ，水蒸気のジョウから草冠を取った形
烙,烙印を押すのラク
焉,終焉の地のエン
烽,のろしを意味するホウ，火偏に峰の旁
焜,コン，火偏に昆虫のコン
焙,焙煎するのバイ，あぶる
煥,才気煥発のカン
煕,康煕字典のキ
熈,康煕字典のキの異体字
煦,ク，曜日の日の右に俳句のクにれんが
煢,ケイ，蛍の旧字の冠に迅速なのジンの中身
煌,コウ，火偏に皇太子のコウ
煖,ダン，火偏に暖房のダンの旁
煬,ヨウ，火偏に太陽系のヨウの旁
熏,薫製のクン，くすべる
燻,薫製のクン，くすべるの異体字
熄,ソク，火偏に息をするのいき
熕,コウ，火偏に社会貢献のコウ
熨,のし，陸軍大尉のイの下に火曜日のカ
熬,ゴウ，傲慢なのゴウの旁にれんが
燗,熱燗のカン
熹,キ，喜劇のキにれんが
熾,熾烈なのシ
燒,肉を焼くのやくの旧字
燉,トン，火偏に中国の敦煌のトン
燔,ハン，火偏に番号のバン
燎,燎原の火のリョウ
燠,オウ，火偏に奥歯のオクの旧字
燬,キ，火偏に名誉毀損のキ
燧,スイ，火偏に遂げるの旧字
燵,炬燵のタツ
燼,灰燼に帰すのジン
燹,セン，豚の旁二つの下に火曜日のカ
燿,ヨウ，火偏に日曜日のヨウの旁
爍,シャク，火偏に楽しいの旧字
爐,暖炉のロの旧字
爛,天真爛漫のラン
爨,飯盒炊爨のサン
爭,争うの旧字
爬,爬虫類のハ
爰,応援するのエンの旧字の旁
爲,行為のイ，ための旧字
爻,コウ，ハンバクスルノバクノツクリ
爼,まないた，俎上のソの異体字
爿,爿偏（しょうへん），将軍のショウの旧字の偏
牀,腰掛けの牀几のショウ，爿偏に草木のキ
牆,ショウ，かき，爿偏に吝嗇のショク
牋,処方箋のセンの異体字
牘,トク，爿偏に販売のバイの旧字
牴,テイ，牛偏に低いの旁
牾,ゴ，牛偏に国語のゴの旁
犂,レイ，からすき
犁,レイ，からすきの異体字
犇,ホン，ひしめく，動物の牛3つ
犒,コウ，牛偏に高い低いの高い
犖,ラク，螢の旧字の虫の代わりに動物の牛
犢,トク，こうし，牛偏に販売のバイの旧字
犧,犠牲者のギの旧字
犹,ユウ，獣偏に接続詞のもっとも
犲,サイ，獣偏に片仮名のオ
狃,ジュウ，獣偏に十二支のうし
狆,犬のチン
狄,南蛮北狄のテキ
狎,コウ，なれる，獣偏に甲乙のコウ
狒,動物の狒々のヒ
狢,獣偏の動物のむじな
狠,コン，獣偏に大根のコンの旁
狡,狡猾なのコウ，ずるい
狹,キョウ，せまいの旧字
狷,狷介なのケン，獣偏に絹糸のキヌの旁
倏,シュク，条件の条の旧字の木の代わりに動物のいぬ
猗,イ，獣偏に奇妙なのキ
猊,猊下のゲイ
猜,猜疑心のサイ
猖,猖獗を極めるのショウ
猝,ソツ，獣偏に卒業のソツ
猴,コウ，獣偏に王侯貴族のコウ
猯,タン，獣偏に末端のタンの旁
猩,猩紅熱のショウ，獣偏に星
猥,卑猥なのワイ
猾,狡猾な人物のカツ，獣偏に骨
獎,奨学金のショウの旧字の異体字
獏,獣偏の動物のバク
默,沈黙するのモク，黙るの旧字
獗,猖獗を極めるのケツ
獪,老獪なのカイ
獨,独立のドクの旧字
獰,獰猛なのドウ
獸,野獣のジュウ，けものの旧字
獵,猟銃のリョウの旧字
獻,献血するのケンの旧字
獺,動物のカワウソ
珈,カ，コーヒーの当て字の一文字目
玳,動物のタイマイのタイ，王偏に代表のダイ
珎,珍しい，珍味のチンの異体字
玻,ハ，王偏に毛皮のかわ
珀,琥珀色のハク
珥,ジ，王偏に耳
珮,ハイ，佩用するのハイの人偏の代わりに王偏
珞,ラク，王偏に各自のカク
璢,瑠璃色のルの異体字
琅,ロウ，王偏に改良するのリョウ
瑯,琺瑯鍋のロウ，王偏に桃太郎のロウ
琥,琥珀色のコ
珸,ゴ，王偏に国語のゴの旁
琲,ハイ，コーヒーの当て字の二文字目
琺,琺瑯鍋のホウ，王偏に法律のホウ
瑕,キズを意味する瑕疵のカ
琿,コン，王偏に軍隊のグン
瑟,琴瑟相和すのシツ
瑙,瑪瑙のノウ
瑁,動物のタイマイのマイ
瑜,ユ，王偏に楡の木のニレの旁
瑩,蛍の旧字の虫の代わりに玉
瑰,カイ，王偏に鬼
瑣,煩瑣な手続きのサ
瑪,瑪瑙のメ
瑶,ヨウ，王偏に揺れるの旁
瑾,キン，キズを意味する瑕瑾のキン
璋,ショウ，王偏に文章を書くのショウ
璞,ハク，あらたま，王偏に僕（しもべ）の旁
璧,ヘキ，完璧なのヘキ
瓊,ケイ，八尺瓊勾玉のニ
瓏,玲瓏たるのロウ，王偏に恐竜のリュウの旧字
瓔,ヨウ，王偏に桜の旧字の旁
珱,ヨウ，王偏に桜の旁
瓠,コ，ひさご，袴の旁に瓜
瓣,花弁のベンの旧字
瓧,デカグラム，瓦に漢数字の十
瓩,キログラム，瓦に漢数字の千
瓮,オウ，公（おおやけ）の下に瓦
瓲,トン，瓦に駐屯するのトン
瓰,デシグラム，瓦に半分にするのブン
瓱,ミリグラム，瓦に羽毛のモウ
瓸,ヘクトグラム，瓦に漢数字の百
瓷,シ，瓦の上に目次のジ
甄,ケン，煙の旁の右に瓦
甃,シュウ，瓦の上に季節のアキ
甅,センチグラム，瓦に単位の厘（リン）
甌,オウ，区別のクの旧字の右に瓦
甎,セン，専門家のセンの旧字の右に瓦
甍,ボウ，いらか
甕,オウ，かめ，擁立するのヨウの旁の下に瓦
甓,ヘキ，壁の土の代わりに瓦
甞,臥薪嘗胆のショウの異体字
甦,ソ，よみがえる，更科のさらに児童生徒のセイ
甬,ヨウ，日本舞踊のヨウの旁
甼,まち，市長村のチョウの異体字
畄,留学のリュウの異体字
畍,世界のカイの異体字
畊,コウ，耕すの異体字
畉,ふ，たがやす，田偏に夫
畛,シン，あぜ，田偏に診察するのシンの旁
畆,面積の単位のセ，うねの異体字
畚,ホン，お参りのマイの三づくりの代わりに水田のスイ
畩,けさ，田偏に衣替えのコロモ
畤,じ，田偏にてら
畧,略語のリャクの異体字
畫,画用紙のガのきゅうじ
畭,ヨ，田偏に余り
畸,キ，田偏に奇妙なのキ
當,当番のトウ，当たるの旧字
疆,新疆ウイグル自治区のキョウ
疇,範疇のハン，田偏に寿の旧字
畴,ハン，田偏に寿
疊,畳の旧字
疉,畳の旧字の下が変化した異体字
疂,畳の旧字の中央が変化した異体字
疔,面疔のチョウ
疚,キュウ，病垂に永久のキュウ
疝,疝気持ちのセン，病垂にヤマ
疥,皮膚病の疥癬のカイ，病垂に介護のカイ
疣,いぼ，ユウ，病垂に尤も
痂,カ，かさぶた，病垂に加速度のカ
疳,カン，病垂に甘い
痃,ケン，病垂に玄米のゲン
疵,きず，病垂に彼岸此岸のシ
疽,壊疽を起こすのソ
疸,黄疸のダン，病垂に元旦のタン
疼,疼痛のトウ，疼く
疱,水疱瘡のホウ
痍,傷痍軍人のイ
痊,セン，病垂に全国のゼン
痒,隔靴掻痒のヨウ，かゆい
痙,胃痙攣のケイ
痣,あざ，病垂にこころざし
痞,ヒ，病垂に否定するのヒ
痾,ア，病垂に阿弥陀仏のア
痿,イ，病垂に学級委員のイ　
痼,持病を意味する痼疾のコ
瘁,スイ，病垂に卒業のソツ
痰,痰がからむのタン
痺,麻痺するのヒ，しびれる
痲,病垂の痲痺するのマ
痳,リン，病垂に林（はやし）
瘋,瘋癲のフウ，病垂に風
瘍,胃潰瘍のヨウ
瘉,ユ，病垂に楡の木の旁
瘟,オン，病垂に温泉のオンの旧字の旁
瘧,おこり，病垂に虐待のギャク
瘠,セキ，病垂に脊髄のセキ
瘡,水疱瘡のソウ
瘢,瘢痕のハン，病垂に一般的のハン
瘤,動脈瘤のリュウ，こぶ
瘴,ショウ，病垂に文章を書くのショウ
瘰,瘰癧のルイ，病垂に累積するのルイ
瘻,痔瘻のロウ，病垂にカズの旧字の左側
癇,癇癪を起こすのカン
癈,癈人のハイ，病垂に発明のハツの旧字
癆,癆咳のロウ，病垂に労働のロウの旧字
癜,皮膚病のなまず，テン，病垂に殿様のトノ
癘,瘴癘のレイ，病垂に数字の万の旧字
癡,愚痴のチの旧字
癢,ヨウ，病垂に養う
癨,カク，病垂に鬼の霍乱のカク
癩,癩病のライ
癪,癇癪を起こすのシャク
癧,瘰癧のレキ，病垂に歴史家のレキの旧字
癬,疥癬菌のセン
癰,皮膚病のヨウ
癲,癲癇を起こすのテン
癶,ハツ，部首の発頭
癸,キ，十干のみずのと
發,発明のハツの旧字
皀,キョウ，白鳥のハクの下に片仮名のヒ
皃,美貌を保つのボウの異体字
皈,帰宅するのキ，帰るの異体字
皋,植物の皐（さつき）の異体字
皎,コウ，白偏に交わる
皖,カン，白偏に完了するのカン
皓,明眸皓歯のコウ，白偏に告げる
皙,セキ，分析するのセキの下に白鳥のハク
皚,ガイ，白偏に鎧の旁
皰,にきび，ホウ，毛皮のかわに包む
皴,シュン，俊敏さのシュンの旁に毛皮のかわ
皸,クン，将軍のグンの右に毛皮のかわ
皹,クン，将軍のグンの左に毛皮のかわ
皺,皺を伸ばすのシワ
盂,盂蘭盆のウ
盍,コウ，蓋から草冠を取った形
盖,蓋の異体字，皿の上に羊
盒,飯盒炊さんのゴウ
盞,サン，皿の上に浅いの旧字の旁
盡,尽力するのジン，つくすの旧字
盥,たらい，カン
盧,ロ，濾過するのロの旁
盪,脳震盪のトウ
蘯,放蕩息子のトウの異体字
盻,ケイ，目偏に漢数字の八の下に番号のゴウの下側
眈,虎視眈々のタン
眇,矯めつ眇めつのスガメ
眄,右顧左眄のベン
眩,眩惑するのげん，眩しい
眤,ジツ，目偏に尼寺のアマ
眞,真心のマの旧字
眥,シ，彼岸此岸のシの下に目的のモク
眦,シ，目偏に彼岸此岸のシ
眛,マイ，目偏に未来のミ
眷,妻子眷属のケン
眸,明眸皓歯のボウ
睇,テイ，目偏に兄弟のオトウト
睚,ガイ，目偏に一生涯のガイの旁
睨,睥睨するのゲイ，にらむ
睫,まつげ，ショウ
睛,画竜点睛を欠くのセイ，ひとみ
睥,睥睨するのヘイ，にらむ
睿,エイ，比叡山のエイの左側
睾,男性の睾丸のコウ
睹,ト，目偏に科学者のシャの旧字体
瞎,カツ，目偏に災害のガイの旧字体
瞋,シン，目偏に真心のまの旧字
瞑,瞑目するのメイ
瞠,ドウ，目偏に瞠目するのドウ
瞞,欺瞞に満ちたのマン
瞰,鳥瞰図のカン，みおろす
瞶,キ，目偏に貴重品のキ
瞹,アイ，目偏に愛するのアイ
瞿,恐懼するのクの旁，目が二つの下に隹
瞼,まぶた，眼瞼のケン
瞽,コ，鼓の下に目的のモク
瞻,セン，目偏に担任のタンの旧字の旁
矇,モウ，目偏に啓蒙するのモウ
矍,元気矍鑠のかく
矗,チク，直前のチョクが三つ
矚,ショク，目偏に附属のゾクの旧字
矜,矜恃を保つのキョウ
矣,イ，挨拶のアイの旁
矮,矮小なのワイ
矼,コウ，石偏に図画工作のコウ
砌,セイ，みぎり，石偏に切実なのセツ
砒,元素の砒素のヒ
礦,コウ，石偏に広場のひろの旧字
砠,ショ，石偏に組の旁
礪,礪波平野のト
硅,元素の硅素のケイ，石偏に土二つ
碎,くだく，粉砕するのサイの旧字
硴,カキ，石偏に花火のはな
碆,ハ，波長が合うのハの下に，石橋のいし
硼,元素の硼素のホウ
碚,ハイ，石偏に倍率のバイの旁
碌,ロク，石偏に緑の旧字の旁
碣,ケツ，石偏に褐色のカツの旁
碵,セキ，石偏に貞淑のテイ
碪,きぬた，石偏に甚だしい
碯,ノウ，石偏に頭脳のノウの旧字の旁
磑,ガイ，石偏に鎧の旁
磆,カツ，石偏に骨
磋,切磋琢磨のサ，石偏にサ　
磔,磔刑のタク，はりつけ
碾,テン，石偏に発展のテン
碼,長さの単位のヤード
磅,重さの単位のポンド
磊,豪放磊落のライ
磬,ケイ，声の旧字の耳の代わりに石
磧,セキ，かわら，石偏に責任のセキ
磚,セン，かわら，石偏に専門のセンの旧字
磽,コウ，石偏に堯舜のギョウの旧字
磴,トウ，石偏に登山のト
礇,イキ，石偏に奥歯のおくの旧字
礒,ギ，石偏に義務のギ
礑,トウ，石偏に弁当のトウの旧字
礙,ガイ，石偏に疑う
礬,鉱物の明礬のバン
礫,瓦礫のレキ
祀,祭祀のシ，まつる
祠,シ，ほこら，示偏に司会者のシ
祗,シ，示偏に低いの旁
祟,たたる，スイ
祚,位を受け継ぐ践祚のソ
祕,秘密のヒの旧字
祓,祓い清めるのはらい，フツ
祺,キ，示偏に其（それ）
祿,元禄文化のロクの旧字
禊,みそぎ，ケイ
禝,社禝の臣のショク，示偏
禧,キ，示偏に喜ぶ
齋,書斎のサイの旧字
禪,座禅のゼンの旧字
禮,礼儀のレイの旧字
禳,ジョウ，示偏に譲るの旧字の旁
禹,中国の伝説の王のウ
禺,グウ，偶然のグウの旁
秉,穀物の単位のヘイ
秕,しいな，禾偏に比較するのヒ
秧,オウ，禾偏に中央集権のオウ
秬,キョ，禾偏に巨大なのキョ
秡,ハツ，禾偏に祓い清めるの祓いの旁
秣,糧秣のマツ
稈,麦藁を意味する麦稈のカン
稍,ショウ，禾偏に肖像画のショウ
稘,キ，禾偏に其の
稙,チョク，禾偏に直前のチョク
稠,稠密なのチュウ
稟,稟議書のリン
禀,稟議書のリンの異体字
稱,一人称のショウの旧字
稻,稲の旧字
稾,原稿用紙のコウの異体字
稷,社禝の臣のショク，ノ木偏
穃,ヨウ，禾偏に容積のヨウ
穗,稲穂のほの旧字
穉,幼稚園のチの異体字
穡,ショク，禾偏に吝嗇のショク
穢,けがれ，ワイ
穩,平穏のオン，おだやかの旧字
龝,あき，禾偏に亀の旧字
穰,五穀豊穣のジョウの旧字
穹,蒼穹のキュウ，穴冠に弓
穽,落とし穴を意味する陥穽のセイ
窈,窈窕たる美人のヨウ，穴冠に幼い
窗,窓の異体字
窕,窈窕たる美人のチョウ，穴冠に一兆円のチョウ
窘,たしなめる，キン（，穴冠に諸君のクン）
窖,コウ，穴冠に告げる
窩,カ，穴冠に鍋の旁
竈,かまど
窰,窯元のかまの異体字
窶,やつれる，ク
竅,キョウ，穴冠に刺激のゲキの旁
竄,改竄するのサン，穴冠に鼠
窿,リュウ，穴冠に隆起するのリュウの旧字
邃,スイ，しんにゅうに穴冠に軍隊のタイの旁
竇,トウ，穴冠に販売のバイの旧字
竊,窃盗犯のセツの旧字
竍,量の単位のデカリットル
竏,量の単位のキロリットル
竕,量の単位のデシリットル
竓,量の単位のミリリットル
站,兵站線のタン
竚,チョ，立偏にウ冠に一丁目のチョウ
竝,並ぶの旧字
竡,量の単位のヘクトリットル
竢,イ，立偏に挨拶のアイの旁
竦,すくむ，ショウ
竭,ケツ，立偏に褐色のカツの旁
竰,量の単位のセンチリットル
笂,うつぼ，竹冠に日の丸のまる
笏,コツ，公家の持つ笏（しゃく）
笊,ざる
笆,ハ，竹冠に巴
笳,カ，あしぶえ，竹冠に加速度のカ
笘,チョウ，竹冠に独占するのセン
笙,笛の笙（しょう）
笞,むち，竹冠に台所のダイ
笵,ハン，竹冠に川が氾濫するのハン
笨,ホン，竹冠に本物のホン
笶,シ，竹冠に弓矢のや
筐,筐体のキョウ，はこ
筺,筐体のキョウ，はこの異体字
笄,こうがい，ケイ，竹冠にとりい
筍,たけのこ，ジュン
笋,たけのこ，ジュンの異体字
筌,茶筌のセン，竹冠に全国のゼン
筅,茶筅のセン，竹冠に行先のさき
筵,エン，むしろ，竹冠に延期するのエン
筥,ろ，竹冠にお風呂のろ
筴,キョウ，竹冠に狭いの旧字の旁
筧,かけひ，竹冠に見物するのケン
筰,サク，竹冠に作文のサク
筱,ジョウ，篠竹の篠の異体字
筬,セイ，おさ，竹冠に成立するのセイ
筮,筮竹のゼイ
箝,箝口令のカン
箘,キン，竹冠に国構えの中に禾偏ののぎ
箟,キン，竹冠に昆虫のコン
箍,箍が外れるのたが
箜,ク，竹冠にそら
箚,トウ，竹冠に合格のゴウに立刀
箋,処方箋のセン
箒,ソウ，ほうき，竹冠に掃除機のソウの旁
箏,箏曲のソウ，こと
筝,箏曲のソウ，ことの異体字
箙,フク，箙，竹冠に洋服のフク
篋,キョウ，竹冠に箱構えの中に狭いの旧字
篁,コウ，たかむら，竹冠に皇太子のコウ
篌,コウ，竹冠に王侯貴族のコウ
篏,嵌木細工の嵌める，カンの異体字
箴,シン，竹冠に鍼灸のはりの旁
篆,篆刻のテン
篝,コウ，篝火のかがり
篩,篩（ふるい）に掛けるのふるい
簑,蓑の異体字，竹冠に衰える
簔,蓑の異体字，竹冠に衰えるの変形
篦,へら
篥,篳篥のリキ，竹冠に栗の木のくり
籠,籠城するのロウ，かご
簀,簀子のす
簇,ソウ，むらがる，竹冠に水族館のゾク
簓,ささら
篳,篳篥のヒチ，竹冠に畢竟のヒツ
篷,ホウ，とま，竹冠に男女の逢い引きのあい
簗,魚をとる簗，竹冠に梁山泊のリョウ
簍,ロウ，竹冠に楼閣のロウの旧字の旁
篶,エン，竹冠に終焉の地のエン
簣,キ，竹冠に貴重品のキ
簧,コウ，竹冠に黄色のキの旧字
簪,かんざし，サン
簟,テン，たかむしろ，竹冠に西の下に早起きの早い
簷,エン，竹冠に担任のタンの旧字の旁
簫,ショウ，竹冠に厳粛なのシュクの旧字
簽,セン，竹冠に試験を受けるのケンの旧字の旁
籌,チュウ，竹冠に寿の旧字
籃,揺籃期のラン
籔,ス，竹冠に数の旧字
籏,はた，竹冠に旗を振るのはた
籀,チュウ，竹冠に手偏と留学生のリュウ
籐,籐椅子のトウ
籘,籐椅子のトウの異体字
籟,ライ，竹冠に依頼するのライの旧字
籤,籤引きのくじ，セン
籖,籤引きのくじ，センの異体字
籥,ヤク，竹冠に部首のヤク
籬,リ，まがき
籵,長さの単位のデカメートル
粃,しいな，米偏に比較するのヒ
粐,ぬか，米偏に戸締まりのと
粤,中国広東省を意味するエツ
粭,すくも，米偏に合格のゴウ
粢,しとぎ，目次のジの下に米
粫,うるち，米偏に形而上のジ
粡,トウ，米偏に同じ
粨,長さの単位のヘクトメートル
粳,粳米のうるち
粲,サン，燦然と輝くのサンの旁
粱,リョウ，梁山泊のリョウの木の代わりに米
粮,食糧のリョウ，かての異体字
粹,純粋なのスイの旧字
粽,ソウ，ちまき
糀,こうじ，米偏に花火のはな
糅,ジュウ，米偏に柔道のジュウ
糂,サン，米偏に甚だしい
糘,すくも，米偏に家
糒,ヒ，ほしいい，米偏に準備するのビの旁
糜,糜爛のビ
糢,曖昧糢糊のモ，米偏に莫大なのバク
鬻,シュク，粥の下に隔てるの旁
糯,もちごめ，米偏に必需品のジュ
糲,レイ，米偏に励むの旧字の左側
糴,テキ，かいよね
糶,チョウ，うりよね
糺,糺弾するのキュウ，糸偏に札の旁
紆,紆余曲折のウ
紂,殷の紂王のチュウ，糸偏に寸法のスン
紜,ウン，糸偏に伝説のデンの旁
紕,ヒ，糸偏に比較するのヒ
紊,ブン，風紀紊乱のビン
絅,ケイ，糸偏に向上心のコウから点を取ったもの
絋,糸偏に広場のヒロ
紮,結紮のさつ，名札のふだの下に糸
紲,セツ，糸偏に世界のセ
紿,タイ，糸偏に台所のダイ
紵,チョ，糸偏に貯金のチョの旁
絆,絆創膏のバン，きずな
絳,コウ，糸偏に降水量のコウのツクリ
絖,コウ，糸偏に光（ひかり）
絎,こう，糸偏に旅行するのコウ
絲,毛糸のいとの旧字，糸二つ
絨,空飛ぶ絨毯のジュウ
絮,柳絮のジョ，わた
絏,せつ，糸偏に曳光弾のエイ
絣,絣（かすり）の着物のかすり
經,経験するのケイの旧字
綉,刺繍するのシュウの異体字
絛,ジョウ，条件のジョウの旧字の木の代わりに糸
綏,綏靖天皇のスイ
絽,絽（ろ）の着物のろ
綛,かすり，糸偏に忍び
綺,綺麗なのキ，糸偏に奇妙なのキ
綮,けい，啓発のケイの口の代わりに糸
綣,けん，糸偏に海苔巻きのまきの旧字
綵,さい，糸偏に拍手喝采のサイのき旧字体
緇,し，糸偏に輜重兵のシの旁
綽,余裕綽々のシャク
綫,新幹線のセンの異体字
總,総理大臣のソウの旧字
綢,ちゅう，糸偏に周辺のシュウの旧字
綯,縄を綯うのなう
緜,木綿のメンの異体字
綸,綸言汗の如しのリン
綟,レイ，糸偏に戻る
綰,ワン，糸偏に警察官のカン
緘,緘黙のカン，糸偏に秦の都の咸陽のカン
緝,シュウ，糸偏に口の下に耳
緤,セツ，糸偏に喋るの旁
緞,緞子のドン，糸偏に値段のダン
緻,緻密なのチ
緲,ビョウ，糸偏に目的のモクに少ない
緡,ビン，糸偏に民の下に毎日のニチ
縅,鎧の縅（おどし），糸偏に威嚇するのイ
縊,縊死するのイ，くびる
縣,都道府県のケンの旧字
縡,サイ，糸偏に鉄血宰相のサイ
縒,縒りを戻すのより，糸偏に差別化のサ
縱,ジュウ，縦横の縦の旧字
縟,ジョク，糸偏に侮辱するのジョク
縉,シン，糸偏に中国の国名の晋，晋（すすむ）の旧字
縋,ツイ，すがりつくのすがる，糸偏に追跡するのツイ
縢,糸縢りのかがる，トウ
繆,ビュウ，糸偏に膠の旁
繦,すき，キョウ，糸偏に弓に雖もの左側
縻,羈縻政策のビ
縵,マン，糸偏に曼荼羅のマン
縹,ヒョウ，はなだ，糸偏に投票するのヒョウ
繃,繃帯を巻くのホウ，糸偏に崩れる
縷,一縷の望みのル
縲,ルイ，糸偏に累積するのルイ
縺,レン，もつれる
繧,ウン，糸偏に雲行きのくも
繝,ゲン，糸偏に間（あいだ）の旧字
繖,サン，糸偏に散歩道（さんぽみち）のサン
繞,漢字部首の繞（ニョウ），糸偏に尭舜のギョウの旧字
繙,ハン，繙く
繚,繚乱のリョウ，糸偏に同僚のリョウの旁
繹,演繹法のエキ
繪,絵画のカイ，絵本のえの旧字
繩,縄文土器のジョウの旧字
繼,生中継のケイの旧字
繻,織物の繻子のシュ
纃,シ，糸偏に一斉射撃のセイの旧字
緕,シ，糸偏に一斉射撃のセイ
繽,ヒン，糸偏に来賓のヒン
辮,辮髪のベン，辛い二つの間に糸
繿,ラン，糸偏に映画監督のカン
纈,纐纈染のケチ
纉,サン，糸偏に賛成するのサン
續,連続のゾク，つづくの旧字
纒,半纏のテン，纏うの異体字
纐,纐纈染のコウ
纓,エイ，糸偏に桜の旧字の旁
纔,僅かを意味する糸偏のサイ
纖,化学繊維のセンの旧字
纎,化学繊維のセンの旧字の異体字
纛,トク，毒薬の毒の下に都道府県のケンの旧字
纜,ラン，博覧会のランの旧字
缸,コウ，缶偏に図画工作のコウ
缺,補欠のケツ，欠けるの旧字
罅,罅割れるのひび，カ
罌,オウ，貝殻のカイ二つの下に缶（ほとぎ）
罍,ライ，田畑のた三つの下に缶（ほとぎ）
罎,空きびんのビン，缶偏に曇り
罐,缶詰のカンの旧字
网,ボウ，部首の網頭（あみがしら）
罕,鳥網を意味するカン
罔,モウ，網膜のモウの旁
罘,フウ，網頭に不思議のフ
罟,コ，網頭に中古車のコ
罠,罠（わな），網頭に民（たみ）
罨,罨法のアン
罩,トウ，網頭に卓球のタク
罧,しのづけ，網頭に密林のリン
罸,罪と罰のバツの異体字
羂,ケン，網頭に絹糸のきぬ
羆,ひぐま，網頭に熊
羃,ベキ，網頭に字幕のマク
羈,羈縻政策のキ
羇,キ，網頭に革命のカクに奇妙なのキ
羌,中国北西部民族の一つ，キョウ，羊の下に人足（ひとあし）
羔,コウ，こひつじ，羊の下に連火
羞,羞恥心のシュウ
羝,テイ，おひつじ，羊編に抵抗するのテイの旁
羚,レイ，羊編に命令するのレイ
羣,群衆のグン，群れるの異体字
羯,楽器の鞨鼓のカツ
羲,中国の伝説上の天子，伏羲のギ
羹,水羊羹のカン，あつもの
羮,水羊羹のカン，あつものの異体字
羶,セン，羊編に仏壇のダンの旁
羸,羸弱のルイ
譱,善悪のゼン，よいの異体字
翅,シ，支えるの右に羽毛のウ
翆,翡翠のスイの異体字
翊,ヨク，独立のリツの右に羽毛のウ
翕,キュウ，合格するのゴウに羽毛のウ
翔,飛翔するのショウ，かける，羊偏に羽毛のウ
翡,翡翠のヒ，非常口のヒの下に羽毛のウ
翦,セン，前後ろのまえの下に羽毛のウ
翩,翩翻と翻るのヘン
翳,かげり，エイ，お医者さんのイに殳（るまた），その下に羽毛のウ
翹,ギョウ，尭舜のギョウの旧字に羽毛のウ
飜,翻訳するのホンの異体字
耆,キ，老人のロウの下に毎日のニチ
耄,耄碌するのモウ，老人のロウの下に毛糸のけ
耋,テツ，老人のロウの下に大至急のシ
耒,ライ，部首の耒偏
耘,耕耘機のウン，耒偏に云々のウン
耙,ハ，耒偏に巴（ともえ）
耜,シ，耒偏に警察官のカンの下側
耡,ジョ，耒偏に救助するのジョ
耨,ドウ，耒偏に侮辱するのジョク
耿,コウ，耳偏に火曜日のカ
耻,恥をかくの恥の異体字
聊,無聊を託つのリョウ
聆,レイ，耳偏に命令するのレイ
聒,カツ，耳偏に舌を噛むのした
聘,招聘するのヘイ
聚,聚楽第のジュ
聟,婿の異体字，通知表のチの下に耳
聢,しかと，耳偏に定める
聨,耳偏の聯合のレンの異体字
聳,聳（そび）える
聲,音声のセイ，こえの旧字
聰,聡明なのソウの旧字
聶,ジョウ，耳三つ
聹,ネイ，耳偏に丁寧のネイ
聽,補聴器のチョウの旧字
聿,イツ，部首の筆旁
肄,イ，疑問のギの左側に筆旁
肆,シ，契約書に使う数字のヨン
肅,厳粛なのシュクの旧字
肛,お尻の肛門のコウ
肓,病膏肓の後ろのコウ
肚,ズ，肉月に土曜日のド
肭,どつ，肉月に国内のナイ
冐,冒険家のボウの異体字
肬,いぼ，ユウ，肉月に尤も
胛,コウ，肉月に甲乙のコウ
胥,ショ，織物の単位の疋の下に肉月
胙,ソ，肉月に昔ながらのながら
胝,チ，肉月に抵抗するのテイの旁
胄,チュウ，理由のユウの下に肉月
胚,胚芽米のハイ
胖,ハン，肉月に半分のハン
脉,山脈のミャクの異体字，肉月に永久のエイ
胯,コ，肉月に袴の旁
胱,膀胱炎のコウ
脛,ケイ，すね，肉月に頸椎のケイの左側
脩,束脩を納めるのシュウ
脣,シン，くちびる，十二支の辰の下に肉月
脯,ホ，肉月に詩人の杜甫のホ
腋,エキ，わき，肉月に夜昼のよる
隋,遣隋使のズイ
腆,テン，肉月に国語辞典のテン
脾,臓器の脾臓のヒ
腓,腓骨のヒ，こむら
腑,腑抜けのフ
胼,ヘイ，肉月に併合するのヘイの旁
腱,アキレス腱のケン
腮,えら，肉月に思案顔のシ
腥,セイ，肉月に惑星のセイ
腦,頭脳明晰のノウの旧字
腴,ユ，肉月に須臾の間のユ
膃,膃肭臍のオツ
膈,カク，肉月に隔てるの旁
膊,上膊骨のハク
膀,膀胱炎のボウ
膂,リョ，旅費のリョの下に肉月
膠,膠原病のコウ，にかわ
膕,カク，肉月に雪国のくにの旧字
膤,ゆき，肉月に雪国のゆき
膣,チツ，肉月に窒素のチツ
腟,チツ，肉月に教室のシツ
膓,直腸のチョウの異体字，肉月に切り傷のきずの旁
膩,ジ，肉月に契約書に使う漢数字の二の旧字
膰,ハン，肉月に番号のバン
膵,膵臓のスイ
膾,人口に膾炙するのカイ，なます
膸,脊髄のズイの異体字
膽,大胆なのタンの旧字
臀,尻を意味する臀部のデン
臂,八面六臂のヒ，ひじ
膺,拳々服膺のヨウ
臉,セン，肉月に瞼の旁
臍,臍下丹田のセイ，へそ
臑,ジュ，肉月に需要と供給のジュ
臙,エン，肉月に燕
臘,ロウ，肉月に猟銃のリョウの旧字の旁
臈,ロウ，肉月に葛餅のくず
臚,ロ，肉月に櫨の木のはぜの旁
臟,五臓六腑のゾウの異体字
臠,レン，恋人のこいの旧字の心の代わりに肉
臧,ゾウ，冷蔵庫のゾウの異体字から草冠を取った形
臺,台所のダイの旧字
臻,シン，部首の至（いたる）に秦の始皇帝のシン
臾,須臾の間のユ
舁,駕篭を舁くのかく
舂,うすづく，ショウ
舅,しゅうと
與,与える，供与のヨの旧字
舊,旧暦のキュウの旧字
舍,学校の校舎のシャの旧字
舐,なめる，舌偏に氏神のうじ
舖,舗装道路のホの旧字
舩,ふね，舟偏に公（おおやけ）
舫,舫結びのもやい
舸,カ，舟偏に可能性のカ
舳,船のへさき，舟偏に理由のユウ
艀,はしけ
艙,ソウ，舟偏に鎌倉幕府のくら
艘,船を数える単位のソウ
艝,そり，舟偏に雪国のゆき
艚,ソウ，舟偏に曹洞宗のソウ
艟,トウ，舟偏にグリム童話のドウ
艤,ギ，舟偏に義務のギ
艢,ショウ，舟偏に吝嗇のショク
艨,モウ，舟偏に啓蒙するのモウ
艪,船漕ぎに使う艪（ろ），舟偏に魯鈍なのロ
艫,船の艫（とも），舟偏に櫨の木のはぜの旁
舮,船の艫（とも），舟偏に戸締まりのと
艱,艱難辛苦のカン
艷,妖艶なのエン，つやの旧字
艸,ソウ，部首の草冠
艾,もぐさ，ガイ
芍,植物の芍薬のシャク
芒,ボウ，草冠に亡命するのボウ
芫,ゲン，草冠に元気なのゲン
芟,サン，草冠にるまた
芻,スウ，反芻動物のスウ
芬,悪臭芬々のフン
苡,イ，草冠に以上以下のイ
苣,キョ，草冠に巨大なのキョ
苟,苟も，草冠に俳句のク
苒,ゼン，再びの一画目の代わりに草冠
苴,ショ，草冠に組の旁
苳,トウ，草冠に冬休みのふゆ
苺,果物のイチゴ，草冠に母
莓,果物のイチゴ，草冠に毎日のマイ
范,ハン，草冠に川が氾濫するのハン
苻,フ，草冠に付録のフ
苹,ヘイ，草冠に平凡なのヘイ
苞,ホウ，草冠に包む
茆,ボウ，草冠に十二支の卯
苜,モク，草冠に目的のモク
茉,マツ，草冠に年末のマツ
苙,リュウ，草冠に独立のリツ
茵,イン，草冠に因果応報のイン
茴,茴香のウイ，草冠に回数券のカイ
茖,カク，草冠に各
茲,シ，草冠に糸頭二つ
茱,シュ，草冠に朱色のシュ
荀,ジュン，草冠に下旬のジュン
茹,ジョ，茹でる，草冠に突如のジョ
荐,セン，草冠に存在するのソン
荅,トウ，草冠に合格のゴウ
茯,茯苓のブク，草冠に起伏に富むのフク
茫,茫然自失のボウ，草冠に三水に亡命するのボウ
茗,茗荷のミョウ，草冠に名前のナ
茘,果物の茘枝のレイ，草冠に刀が三つ
莅,リ，草冠に単位のイ
莚,エン，むしろ，草冠に延期するのエン
莪,ガ，草冠に我慢のガ
莟,カン，草冠に含める
莢,キョウ，豆の莢（さや）
莖,地下茎のケイの旧字
茣,茣蓙のゴ，草冠に呉服屋のゴの旧字形
莎,サ，草冠のご無沙汰のサ
莇,ショ，草冠に救助するのジョ
莊,別荘地のソウの異体字
荼,荼毘に付すのダ
莵,ト，草冠に兔の異体字
荳,トウ，まめ，草冠に豆餅のまめ
荵,ニン，草冠に忍者のニン
莠,ユウ，草冠に秀でる
莉,リ，草冠に利益のリ
莨,ロウ，たばこ，草冠に改良するのリョウ
菴,アン，いおり，草冠に気息奄々のエン
萓,ギ，草冠に便宜のギ
菫,植物のすみれ
菎,コン，草冠に昆虫のコン
菽,シュク，草冠に淑女のシュクの旁
萃,スイ，草冠に卒業のソツ
菘,すずな，草冠に松の木のマツ
萋,セイ，草冠に愛妻家のサイ
菁,セイ，かぶ，草冠に青春のセイの旧字体
菷,ソウ，ほうき，草冠に掃除機のソウの旁
萇,チョウ，草冠に長男のチョウ
菠,ハ，草冠に波長が合うのハ
菲,ヒ，草冠に非常口のヒ
萍,ヘイ，草冠に三水に平和のヘイ
萢,ヤチ，草冠に泡立てるのあわ
萠,萌芽のホウ，萌えるの異体字
莽,草莽の臣のモウ
萸,ユ，草冠に須臾の間のユ
蔆,菱形のひしの異体字
菻,リン，草冠に雑木林のはやし
葭,カ，あし，草冠に暇潰しのひまの旁
萪,カ，草冠に教科書のカ
萼,植物の花のガク
蕚,植物の花のガクの異体字
蒄,カン，草冠に月桂冠のカン
葷,葷酒山門に入るを許さずのクン
葫,コ，草冠に湖の旁
蒭,スウ，草冠に反芻するのスウ
葮,タン，草冠に手段のダン
蒂,タイ，草冠に帝王のテイ
葩,ハ，草冠に白いの右に巴（ともえ）
葆,ホウ，草冠に保安のホ
萬,万年筆のマン，よろずの旧字
葯,ヤク，草冠に約束のヤク
葹,シ，草冠に施す
萵,ワ，草冠に鍋の旁
蓊,オウ，草冠に翁（おきな）
葢,蓋の異体字，草冠に太いに皿
蒹,ケン，草冠に兼ねる
蒿,コウ，草冠に高い低いの高い
蒟,蒟蒻の一文字目，草冠に独立のドク，その右に俳句のク
蓙,茣蓙のザ，草冠に銀座のザ
蓍,シ，草冠に鰭の旁
蒻,蒟蒻のニャク
蓚,シュウ，草冠に修理するのシュウ
蓐,ジョク，草冠に侮辱するのジョク
蓁,シン，草冠に秦の始皇帝のシン
蓆,セキ，草冠に座席のセキ
蓖,蓖麻子油のヒ
蒡,金平牛蒡のボウ
蔡,サイ，草冠に祝祭日のサイ
蓿,シュク，草冠に宿題のシュク
蓴,蓴菜のジュン
蔗,蔗糖のショ，草冠に庶民のショ
蔘,シン，草冠に参議院のサンの旧字
蔬,蔬菜類のソ
蔟,ソク，草冠に水族館のゾク
蔕,タイ，草冠に帯の旧字
蔔,ホク，草冠に匍匐前進のフク
蓼,蓼食う虫も好きずきのたで
蕀,キョク，草冠に棘皮動物のキョク
蕣,シュン，草冠に尭舜のシュン
蕘,ジョウ，草冠に尭舜のギョウの旧字
蕈,シン，草冠に西の下に早起きの早い
蕁,蕁麻疹のジン
蘂,雌蕊のしべ，ズイの異体字，草冠に心三つに樹木のモク
蕋,雌蕊のしべ，ズイの異体字，草冠に止血するのシ三つ
蕕,ゆう，草冠に猶予するのユウ
薀,蘊蓄を傾けるのウン，三水
薤,らっきょう
薈,ワイ，草冠に会社員のカイの旧字
薑,キョウ，草冠に橿原神宮のかしの旁
薊,植物のあざみ
薨,薨去するのコウ，みまかる
蕭,ショウ，草冠に厳粛なのシュクの旧字
薔,ショウ，薔薇色の薔薇の一文字目
薛,カワラヨモギを意味するセツ
藪,やぶ，ソウ
薇,ビ，薔薇色の薔薇の二文字目
薜,ヘイ，草冠に壁の上側
蕷,ヨ，草冠に預ける
蕾,つぼみ，ライ，草冠に雷
薐,リョウ，草冠に山の稜線のリョウ
藉,セキ，狼藉者のセキ
薺,七草のナズナ，セイ
藏,冷蔵庫のゾウの異体字
薹,ダイ，薹が立つのトウ
藐,バク，草冠に若さと美貌のボウ
藕,グウ，草冠にすき偏に偶然のグウの旁
藝,芸術のゲイの旧字
藥,薬の旧字
藜,あかざ，レイ
藹,和気藹藹のアイ
蘊,蘊蓄を傾けるのウン，糸偏
蘓,蘇生のソの異体字，草冠にノ木偏に魚
蘋,ヒン，草冠に頻繁なのヒンの旧字
藾,ライ，草冠に依頼するのライの旧字
藺,藺草のイ，リン
蘆,あし，草冠に櫨の木のはぜの旁
蘢,ロウ，草冠に恐竜のリュウの旧字
蘚,セン，こけ，草冠に新鮮なのセン
蘰,かずら，草冠に糸偏に鰻の旁
蘿,ラ，草冠に網羅するのラ
虍,コ，部首の虎頭
乕,動物の虎の異体字
虔,敬虔な祈りのケン
號,番号のゴウの旧字
虧,キ，虎頭に隹，右に汚染するのオの旁
虱,シラミ，風の一画目を取ったもの
蚓,イン，みみず，虫偏に引力のイン
蚣,コウ，虫偏に公（おおやけ）
蚩,愚かを意味するシ
蚪,トウ，虫偏に北斗七星のト
蚋,ゼイ，虫偏に国内のナイ
蚌,鷸蚌の争いのボウ
蚶,カン，虫偏に甘い
蚯,キュウ，虫偏に砂丘のキュウ
蛄,鮨ネタの蝦蛄のコ
蛆,蛆虫のうじ，ショ
蚰,ユウ，虫偏に理由のユウ
蛉,蜻蛉の二文字目，レイ，虫偏に命令するのレイ
蠣,かき，虫偏に激励するのレイの旧字の左側
蚫,アワビ，虫偏に包む
蛔,カイ，虫偏に回数券のカイ
蛞,蛞蝓の一文字目，虫偏に舌を噛むのした
蛩,キョウ，恐竜のキョウの心の代わりに虫
蛬,キョウ，共通するのキョウの下に虫
蛟,コウ，みずち，虫偏に交わる
蛛,クモ，虫偏に朱色のシュ
蛯,えび，虫偏に老人のロウ
蜒,エン，虫偏に延長するのエン
蜆,しじみ，ケン
蜈,ゴ，虫偏に呉服屋のゴの旧字形
蜀,三国志の蜀
蜃,蜃気楼のシン
蛻,蛻の殻のもぬけ
蜑,タン，延長するのエンの下に虫
蜉,フ，虫偏に爪の下に子供の子
蜍,ジョ，虫偏に余り
蛹,虫のさなぎ，ヨウ
蜊,貝のアサリ，虫偏に権利のリ
蜴,エキ，虫偏に貿易風のエキ
蜿,エン，虫偏に宛名のあて
蜷,にな，虫偏に海苔巻きのマキの旧字
蜻,蜻蛉の一文字目，セイ，虫偏に青の旧字形
蜥,セキ，虫偏に分析するのセキ
蜩,ヒグラシ，虫偏に周辺のシュウ
蜚,蜚_の一文字目，非常口のヒの下に虫
蝠,コウモリの二文字目，虫偏に副会長のフクの左側
蝟,イ，虫偏に胃袋のイ
蝸,カタツムリの蝸牛のカ
蝌,カ，虫偏に教科書のカ
蝎,蛇蝎のごとく嫌うのカツ，虫偏に褐色のカツ
蝴,コ，虫偏に黒胡椒のコ
蝗,コウ，いなご，虫偏に皇太子のコウ
蝨,しらみ
蝮,蛇のマムシ，フク
蝙,蝙蝠の一文字目，虫偏に扁平足のヘン
蝓,蛞蝓の二文字目，虫偏に楡の木のニレの旁
蝣,ユウ，遊ぶのしんにょうの代わりに虫偏
蝪,トウ，虫偏に場所のバの旁
蠅,虫のハエ
螢,ほたる，蛍光灯のケイの旧字
螟,メイ，虫偏に冥福を祈るのメイ
螂,カマキリを意味する蟷螂のロウ，虫偏に桃太郎のロウ
螯,ゴウ，傲慢なのゴウの旁の下に虫
蟋,蟋蟀の一文字目，虫偏にノ米の下に心
螽,シュウ，季節の冬の下に虫二つ
蟀,蟋蟀の一文字目，虫偏に卒業のソツ
蟐,あかがえる，虫偏に非常口のジョウ
雖,いえども
螫,セキ，恩赦を与えるのシャの下に虫
蟄,啓蟄のチツ
螳,カマキリを意味する蟷螂のトウ，虫偏に公会堂のドウ
蟇,がまがえる，バク
蟆,がまがえる，バクの異体字
螻,ロウ，虫の螻蛄（ケラ）の一文字目
蟯,蟯虫のギョウ
蟲,むし，昆虫のチュウの旧字
蟠,わだかまる，ハン，虫偏に番号のバン
蠏,蟹の異体字，虫偏に解決するのカイ
蠍,さそり
蟾,セン，虫偏に担任のタンの旧字の旁
蟶,蟶貝のまて，虫偏に聖（ひじり）
蟷,カマキリを意味する蟷螂のトウ，虫偏に弁当のトウの旧字
蠎,うわばみを意味するボウ，草冠に奔走するのホン
蟒,うわばみを意味するボウ，草冠に草莽の臣のモウ
蠑,エイ，虫偏に栄えるの旧字
蠖,カク，虫偏に獲得するのカクの旁
蠕,蠕動運動のゼン
蠢,蠢く，シュン
蠡,レイ，ケイ頭に豕（いのこ），その下に虫二つ
蠱,蠱惑するのコ，虫三つの下に皿
蠶,養蚕のサン，かいこの旧字
蠹,本に付く虫の蠧魚のトの異体字
蠧,本に付く虫の蠧魚のト
蠻,南蛮貿易のバンの旧字
衄,ジク，血編に十二支の丑
衂,ジク，血編に刃の異体字
衒,奇を衒うのてらう，ゲン
衙,役所を意味する官衙のガ
衞,衛生的のエイの旧字
衢,ちまたを意味する街衢のク
衫,サン，衣偏に彡旁
袁,エン，類人猿のエンの旁
衾,同衾するのキン
袞,袞竜の袖のコン
衵,ジツ，衣偏に日曜日のニチ
衽,ジン，衣偏に壬申の乱のジン
袵,ジン，衣偏に責任のニン
衲,ノウ，衣偏に国内のナイ
袂,たもと
袗,袗，衣偏に診察室の診の旁
袒,左袒するのタン，はだぬぐ
袮,ネ，衣偏に一人称のショウの旁
袙,袙，衣偏に黒白のしろ
袢,襦袢のバン
袍,ホウ，衣偏に包む
袤,ボウ，衣の間に矛盾のム
袰,ほろ，母の下に衣
袿,ケイ，衣偏に土二つ
袱,フク，卓袱台の二文字目
裃,礼服の裃（かみしも）
裄,裄丈のゆき，衣偏に旅行記のコウ
裔,末裔のエイ
裘,キュウ，かわごろも
裙,クン，衣偏に諸君のクン
裝,服装のソウの旧字
裹,カ，衣の間に効果的のカ
褂,カイ，衣偏に掛け布団のかけの旁
裼,セキ，衣偏に貿易風のエキ
裴,ハイ，非常口のヒの下に衣
裨,ヒ，衣偏に卑屈なのヒ
裲,裲，衣偏に両手の両の旧字
褄,辻褄が合うのつま
褌,ふんどし，衣偏に軍隊の軍
褊,ヘン，衣偏に扁平足のヘン
褓,ホウ，むつき，衣偏に保健室の保
襃,毀誉褒貶の褒の異体字
褞,オン，衣偏に温泉のオンの旧字の旁
褥,産褥のジョク，衣偏に侮辱のジョク
褪,色褪せるのあせる，衣偏に退屈のタイ
褫,チ，逓信省のテイの旧字のしんにょうの代わりに衣偏
襁,キョウ，衣偏に勉強のキョウ
襄,ジョウ，譲るの旧字の旁
褻,猥褻なのセツ
褶,褶曲山脈の褶，ひだ
褸,襤褸を纏うのル
襌,タン，衣偏に単純のタンの旧字
褝,タン，衣偏に単純のタン
襠,トウ，衣偏に弁当のトウの旧字
襞,ひだ，壁の土の代わりに衣
襦,襦袢のジュ
襤,襤褸を纏うのラン
襭,ケツ，衣偏に大吉のキチに頁（ページ）
襪,ベツ，衣偏に軽蔑するのベツ
襯,シン，衣偏に親子のおや
襴,金襴緞子のラン
襷,たすき
襾,エ，部首の覆い冠
覃,タン，覆い冠の下に早起きの早い
覈,ガク，覆い冠に激励するのゲキの旁
覊,羈縻政策のキの異体字
覓,ベキ，爪の下に見物するのケン
覘,テン，独占するのセンの右に見物するのケン
覡,ケキ，神社の巫女のフの右に見物するのケン
覩,ト，科物者の者の旧字体の右に見物するのケン
覦,ユ，楡の木のにれの右に見物するのケン
覬,キ，凱旋門のガイの右に見物するのケン
覯,コウ，溝の旁の右に見物するのケン
覲,キン，勤務のキンの旧字体の力の代わりに見物するのケン
覺,感覚のカク，おぼえるの旧字
覽,博覧会のランの旧字
覿,効果覿面のテキ
觀,観客のカン，みるの旧字
觚,コ，角偏に瓜
觜,くちばし，シ，彼岸此岸のシの下に角
觝,テイ，角偏に抵抗するのテイの旁
觧,カイ，角偏に羊
觴,ショウ，角偏に切り傷のきずの旁
觸,接触するのショク，ふれるの旧字
訃,訃報を聞くのフ
訖,キツ，言偏に雨乞いのこう
訐,ケツ，言偏に干す
訌,コウ，言偏に図画工作のコウ
訛,お国訛りのなまり，カ
訝,怪訝な顔のゲン，いぶかる
訥,木訥のトツ
訶,摩訶不思議のカ
詁,訓詁学のコ，言偏に中古車のコ
詛,呪詛のソ，言偏に尚且つのかつ
詒,タイ，言偏に台所のダイ
詆,テイ，言偏に抵抗するのテイの旁
詈,罵詈雑言のリ
詼,カイ，言偏に灰色のハイの旧字体
詭,詭弁を弄するのキ
詬,コウ，言偏に皇后陛下のゴウ
詢,ジュン，言偏に下旬のジュン
誅,天誅を加えるのチュウ
誂,あつらえる，チョウ
誄,ルイ，言偏に耒
誨,カイ，言偏に毎日のマイ
誡,カイ，言偏に戒める
誑,たぶらかす，キョウ
誥,コウ，言偏に告げる
誦,詩を暗誦するのショウ
誚,ショウ，言偏に肖像画のショウ
誣,誣告罪のブ
諄,ジュン，言偏に享楽的のキョウ
諍,いさかい，ソウ
諂,へつらう，テン
諚,ジョウ，言偏に定める
諫,いさめる，カン
諳,そらんずる，アン
諧,諧謔のカイ
諤,侃々諤々のガク
諱,いみな，言偏に偉大なのイの旁
謔,諧謔のギャク
諠,ケン，言偏に宣伝するのセン
諢,コン，言偏に軍隊のグン
諷,諷刺のフウ，言偏に風
諞,ヘン，言偏に扁平足のヘン
諛,ユ，言偏に須臾の間のユ
謌,うた，カ，言偏に可能性のカを重ねる
謇,ケン，寒いの下二点の代わりに言偏
謚,おくりな，諡号のシの異体字
諡,おくりな，諡号のシ
謖,泣いて馬謖を斬るのショク
謐,静謐なのヒツ
謗,誹謗するのボウ，そしる
謠,民謡のヨウの旧字
謳,青春を謳歌するのオウ
鞫,キク，革偏に包み構えの中に言偏
謦,謦咳に接するのケイ
謫,タク，言偏に摘発するのテキの旁
謾,マン，言偏に鰻の旁
謨,ボ，言偏に莫大なのバク
譁,カ，言偏に中華鍋の華
譌,お国訛りのなまりの異体字
譏,キ，言偏に幾何学のキ
譎,ケツ，言偏に橘（たちばな）の旁
證,ショウ，証明書のショウの旧字
譖,シン，言偏に僭越ながらのセンの旁
譛,シン，言偏に振り替えのかえ
譚,タン，言偏に西の下に早起きの早い
譫,譫妄状態のセン
譟,ソウ，言偏に操縦するのソウの旁
譬,譬え話のたとえ，ヒ
譯,通訳するのヤク，訳（わけ）の旧字
譴,譴責処分のケン，せめる
譽,名誉のヨ，ほまれの旧字
讀,読書のドク，よむの旧字
讌,エン，言偏に燕
讎,復讐するのシュウ，あだの異体字
讒,讒言するのザン，そしる
讓,譲歩するのジョウ，ゆずるの旧字
讖,予言を意味する言偏のシン
讙,カン，言偏に灌漑用水のカンの旁
讚,言偏の付いた讃美歌のサンの異体字
谺,カ，こだま，谷偏に牙
豁,豁然と悟るのカツ
谿,ケイ，渓流釣りのケイの旧字の旁の右に谷
豈,豈図らんやのあに
豌,豌豆豆のエン
豎,ジュ，堅実なのケンの土の代わりに豆
豐,豊かなの旧字
豕,シ，部首の豕（いのこ）
豢,拳の手の代わりに豕（いのこ）
豬,チョ，豕（いのこ）の右に科学者のシャの旧字体
豸,チ，部首の豸（むじな）
豺,豺狼の群のサイ，やまいぬ
貂,動物の貂（てん）
貉,豸編の動物の貉（むじな）
貅,キュウ，豸偏に休む
貊,ハク，豸偏に漢数字の百
貍,"貍,豸偏に里帰りのさと"
貎,ゲイ，豸偏に児童生徒のジの旧字
貔,勇猛な軍隊を意味する貔貅のヒ
豼,ヒ，豸偏に比較するのヒ
貘,豸偏の動物のバク
戝,山賊のゾクの異体字
貭,質問のシツの異体字
貪,貪欲のドン，むさぼる
貽,貽鮨のイ，貝偏に台所のダイ
貲,シ，彼岸此岸のシの下に貝殻のかい
貳,漢数字の二，式構えに，ニの下に貝殻のかい
貮,漢数字の二の異体字，武器のブの止めるの代わりに貝殻のカイ
貶,毀誉褒貶のヘン，貶める
賈,コ，覆い頭に貝殻のかい
賁,ヒ，噴火するのフンの旁
賤,下賤なのセン，いやしい
賣,商売のバイ，うるの旧字
賚,ライ，来年のライの旧字の下に貝殻のかい
賽,賽銭箱のサイ
賺,宥め賺すのすかす
賻,フ，貝偏に博物館のハクの旁
贄,生け贄のにえ
贅,贅沢のゼイ
贊,賛成反対のサンの旧字
贇,元贇焼きのイン
贏,勝ち負けを意味する贏輸のエイ
贍,セン，貝偏に苦心惨憺のタンの旁
贐,はなむけ，ジン
齎,もたらす，セイ
贓,贓物罪のゾウ
賍,贓物罪のゾウの異体字
贔,贔屓のヒ，貝三つ
贖,贖罪のショク，あがなう
赧,顔を赤らめる意味の赧顔のタン
赭,シャ，赤色のあかの右に科学者のシャの旧字体
赱,はしる，競走のソウの異体字
赳,キュウ，走繞に叫ぶの旁
趁,チン，走繞に珍しいの旁
趙,中国の国名の趙
跂,キ，足偏に支える
趾,城址公園のシ
趺,フ，足偏に夫
跏,カ，足偏に加速度のカ
跚,酔歩蹣跚のサン，足偏に一冊二冊のサツ
跖,セキ，足偏に石
跌,人生の蹉跌のテツ
跛,ハ，足偏に毛皮のかわ
跋,跳梁跋扈のバツ
跪,跪く，キ
跫,キョウ，恐竜のキョウの心の代わりに手足のあし
跟,コン，足偏に大根のコンの旁
跣,セン，足偏に行先のさき
跼,キョク，足偏に薬局のキョク
踈,過疎地のソの異体字，足偏に約束のソク
踉,よろめく，蹌踉のロウ
跿,ト，足偏に脱走するのソウ
踝,くるぶし，カ
踞,蹲踞するのキョ，足偏に住居のキョ
踐,実践するのセンの旧字
踟,チ，足偏に県知事のチ
蹂,蹂躙するのジュウ
踵,かかと，ショウ
踰,ユ，足偏に楡の木のにれの旁
踴,おどる，舞踊のヨウの異体字，足偏に勇ましい
蹊,ケイ，足偏に渓流釣りのケイの旧字の旁
蹇,ケン，寒いの下二点の代わりに足
蹉,人生の蹉跌のサ
蹌,よろめく，蹌踉のソウ
蹐,セキ，足偏に脊髄のセキ
蹈,トウ，足偏に稲の旧字の旁
蹙,顰蹙を買うのシュク
蹤,ショウ，足偏に従事するのジュウの旧字
蹠,セキ，足偏に庶民のショ
踪,失踪事件のソウ
蹣,酔歩蹣跚のマン，足偏に満足のマンの旧字の旁
蹕,ヒツ，足偏に畢竟のヒツ
蹶,ケツ，足偏に遊牧民族の突厥のケツ
蹲,蹲踞するのソン，足偏に尊敬するのソン
蹼,ホク，足偏に打撲のボクの旁
躁,躁鬱病のソウ
躇,躊躇するのチョ
躅,チョク，足偏に三国志の蜀
躄,ヘキ，壁の土の代わりに手足のあし
躋,セイ，足偏に臍の旁
躊,躊躇するのチュウ
躓,つまずく，チ
躑,テキ，足偏に投擲競技のテキの旁
躔,テン，足偏に纏うの旁
躙,蹂躙するのリン
躪,蹂躙するのリンの異体字
躡,躡，足偏に耳三つ
躬,キュウ，身偏に弓
躰,タイ，身偏に本物のホン
軆,タイ，身偏に豊か
躱,タ，身偏に耳朶のダ
躾,しつけ，身偏に美しい
軅,やがて，身偏に鳥の雁
軈,やがて，身偏に応援するのオウの旧字
軋,軋轢のアツ
軛,くびき，車偏に厄年のヤク
軣,ゴウ，轟（とどろく）の異体字
軼,イツ，車偏に失う
軻,カ，車偏に可能性のカ
軫,シン，車偏に診察するのシンの旁
軾,ショク，車偏に入学式のシキ
輊,チ，車偏に夏至冬至のシ
輅,ロ，車偏に各自のカク
輕,軽い重いのかるいの旧字
輒,チョウ，車偏に耳に乙
輙,チョウ，車偏に受け取るのとる
輓,バン，車偏に免許のメン
輜,輜重兵のシ
輟,テツ，車偏に綴るの旁
輛,リョウ，車偏に両手のリョウの旧字
輌,リョウ，車偏に両手のリョウ
輦,鳳輦のレン，夫二つの下に車
輳,ソウ，車偏に奏でる
輻,フク，車偏に祝福のフクの旁
輹,フク，車偏に往復するのフクの旁
轅,エン，ながえ，車偏に類人猿のエンの旁
轂,こしき，穀物のコクの禾の代わりに車
輾,テン，車偏に発展のテン
轌,そり，車偏に雪
轉,運転するのテンの旧字
轆,轆轤のロク
轎,キョウ，車偏に歩道橋のキョウの旁
轗,カン，車偏に感想文のカン
轜,ジュ，車偏に必需品のジュ
轢,軋轢のレキ
轣,轣，車偏に歴史家のレキ
轤,轆轤のロ
辜,無辜のコ，中古車のコの下に辛い
辟,辟易するのヘキ
辣,辣腕のラツ
辭,国語辞典のジの旧字
辯,弁護士のベンの旧字，辛い二つの間に言語のゲン
辷,之繞に漢数字の一，すべる
迚,とても，之繞に中学のチュウ
迥,ケイ，之繞に炯眼の士のケイの旁
迢,チョウ，之繞に超能力のチョウの旁
迪,テキ，之繞に理由のユウ
迯,にげる，逃亡するのトウの異体字
邇,ジ，之繞に率爾ながらのジ
迴,カイ，之繞に回数券のカイ
逅,巡り会いの邂逅のコウ
迹,セキ，之繞に足跡を遺すのセキの旁
迺,ナイ，之繞に西東のにし
逑,キュウ，之繞に求める
逕,ケイ，之繞に頸動脈のケイの左側
逡,逡巡するのシュン
逍,散歩を意味する逍遥のショウ
逞,逞しい，テイ
逖,テキ，之繞に夷狄のテキ
逋,ホ，之繞に詩人の杜甫のホ
逧,サコ，之繞に谷
逶,イ，之繞に学級委員のイ
逵,キ，之繞に陸上のリクの旁
逹,配達のタツの異体字
迸,ほとばしる，ホウ
遏,アツ，之繞に褐色のカツの旁
遐,カ，之繞に暇潰しのひまの旁
遑,コウ，之繞に皇太子のコウ
遒,シュウ，之繞に酋長さんのシュウ
逎,シュウ，之繞に十二支の酉（とり）
遉,テイ，之繞に貞淑なのテイ
逾,ユ，之繞に楡の木のにれの旁
遖,あっぱれ，之繞に南（みなみ）
遘,コウ，之繞に溝の旁
遞,逓信省のテイの旧字
遨,ゴウ，之繞に傲慢なのゴウの旁
遯,トン，之繞に豚汁のトン
遶,ジョウ，之繞に尭舜のギョウの旧字
隨,随筆のズイの旧字
遲,遅刻するのチ，遅いの旧字
邂,巡り会う意味の邂逅のカイ
遽,急遽帰宅するのキョ
邁,邁進するのマイ
邀,ヨウ，之繞に激励するのゲキの旁
邊,周辺のヘン，あたりの旧字
邉,周辺のヘン，あたりの旧字の異体字
邏,警邏するのラ
邨,むら，市町村のソンの異体字
邯,邯鄲の夢のカン
邱,キュウ，砂丘のキュウの右におおざと
邵,ショウ，招くの旁の右におおざと
郢,エイ，贈呈するのテイの右におおざと
郤,ケキ，谷の右におおざと
扈,跳梁跋扈のコ
郛,フ，爪の下に子供の子の右におおざと
鄂,ガク，鰐の旁の右におおざと
鄒,スウ，趨勢のスウの旁の右におおざと
鄙,辺鄙なのヒ，ひな
鄲,邯鄲の夢のタン
鄰,となり，隣人のリンの異体字
酊,酩酊するのテイ
酖,タン，十二支の酉の右に沈むの旁
酘,トウ，十二支の酉の右にル又
酣,カン，十二支の酉の右に甘い
酥,ソ，十二支の酉の右に禾偏ののぎ
酩,酩酊するのメイ
酳,イン，十二支の酉の右に糸頭に月
酲,テイ，十二支の酉の右に贈呈するのテイ
醋,サク，十二支の酉の右に昔
醉,泥酔するのスイの旧字
醂,味醂のリン，十二支の酉の右に林
醢,カイ，十二支の酉の右に右の下に皿
醫,お医者さんのイの旧字
醯,ケイ，十二支の酉の右に流れるの旁の下に皿
醪,もろみ，ロウ
醵,醵金のキョ，十二支の酉の右に劇団のゲキの左側
醴,あまざけ，レイ
醺,微醺を帯びるのクン
釀,醸造するのジョウ，かもすの旧字
釁,隙間を意味する釁隙のキン
釉,釉薬のユウ，うわぐすり
釋,釈放するのシャクの旧字
釐,リ，未来のミにのぶんの下に単位の厘
釖,トウ、金偏に刀
釟,ハツ，金偏に漢数字の八
釡,釜飯のかまの異体字
釛,コク，金偏に力
釼,ケン，金偏に刃（やいば）
釵,サイ、金偏に夜叉のシャ
釶,シ，金偏に空也念仏のヤ
鈞,キン，金偏に平均のキンの旁
釿,ギン，金偏にパン1斤のキン
鈔,ショウ，金偏に多い少ないのすくない
鈬,銅鐸のタクの異体字
鈕,チュウ，金編に十二支の丑
鈑,ハン，金偏に反対するのハン
鉞,斧鉞のエツ、鉞（まさかり）
鉗,鉗子分娩のカン
鉅,キョ、金偏に巨大なのキョ
鉉,ゲン，金偏に玄米のゲン
鉤,コウ，かぎ，金偏に俳句のク
鉈,なた
銕,鉄の異体字、金偏に尊皇攘夷のイ
鈿,螺鈿のデン
鉋,大工道具の鉋（かんな）
鉐,セキ，金偏に石
銜,カン，行構えに金曜日のキン
銖,シュ，金偏に朱色のシュ
銓,セン，金偏に全国のゼン
銛,銛で突くのもり
鉚,リュウ，金偏に十二支の卯
鋏,道具の鋏（はさみ）
銹,シュウ，金偏に秀でる
銷,ショウ，金偏に肖像画のショウ
鋩,ボウ，金偏に草冠に亡命するのボウ
錏,ア，金偏に亜細亜のアの旧字
鋺,かなまり，金偏に腕の旁
鍄,リョウ，金偏に東京のキョウ
錮,禁錮刑のコ，金偏に固める
錙,シ，金偏に輜重兵のシの旁
錢,釣り銭のセンの旧字
錚,ソウ、金偏に争うの旧字
錣,テツ，金偏に綴るの旁
錺,かざり、金偏に芳香剤のホウ
錵,にえ，金偏に花火のはな
錻,錻力（ブリキ）のブ、金偏に武器のブ
鍜,カ，金偏にに暇潰しのひまの旁
鍠,コウ，金偏に皇太子のコウ
鍼,シン，鍼灸のはり
鍮,金属の真鍮のチュウ
鍖,チン，金偏に甚だしい
鎰,イツ，金偏に利益のエキ
鎬,鎬を削るのしのぎ
鎭,鎮圧するのチン，しずめるの旧字
鎔,ヨウ，金偏に容積のヨウ
鎹,子は鎹のかすがい
鏖,オウ，動物の鹿の下に金曜日のキン
鏗,コウ，金偏に堅実なのケン
鏨,工具の鏨（たがね）
鏥,シュウ，金偏に宿
鏘,ショウ，金偏に将軍のショウの旧字
鏃,弓矢の鏃（やじり）
鏝,半田鏝のこて
鏐,リョウ，金偏に膠の旁
鏈,レン，金偏に連絡のレン
鏤,鏤金のル，ちりばめる
鐚,鐚一文のびた
鐔,タン，金偏に西の下に早起きの早い
鐓,タイ，金偏に中国の敦煌のトン
鐃,ドウ，金偏に尭舜のギョウの旧字
鐇,ハン，金偏に番号のバン
鐐,リョウ，金偏に同僚のリョウの旁
鐶,カン，金偏に循環するのカンの旁
鐫,セン，金偏に隹の下に凹凸のオウの下1画を取ったもの
鐵,鉄道のテツの旧字
鐡,鉄道のテツの旧字の呈の代わりに豆の下側
鐺,トウ，金偏に弁当のトウの旧字
鑁,鑁阿寺のバン
鑒,図鑑のカンの異体字
鑄,鋳造するのチュウ，いるの旧字
鑛,鉄鉱石のコウの旧字
鑠,元気矍鑠のシャク
鑢,工具の鑢（やすり）
鑞,鑞付け細工のロウ
鑪,ロ，金偏に櫨の木のはぜの旁
鈩,ロ，金偏に戸締まりのト
鑰,ヤク，金偏に部首のヤク
鑵,カン，金偏に缶詰のカンの旧字の旁
鑷,ジョウ，金偏に耳三つ
鑽,研鑽を積むのサン
鑚,研鑽を積むのサンの異体字
鑼,銅鑼焼きのラ
鑾,ラン，恋人のこいの旧字の心の代わりに金曜日のキン
钁,カク，金偏に元気矍鑠のカク
鑿,工具ののみ
閂,かんぬき
閇,閉店するのヘイ，とじるの異体字
閊,胸が閊えるのつかえる，門構えに山
閔,ビン，門構えに文章を書くのブン
閖,ロウ，門構えに水
閘,コウ，門構えに甲乙のコウ
閙,ドウ，門構えに市場のイチ
閠,閏年のうるうの異体字
閨,閨房のケイ，ねや
閧,コウ，門構えに共通点のキョウ
閭,リョ，門構えにお風呂のロ
閼,塞ぐを意味する門構えのアツ
閻,閻魔様のエン
閹,エン，門構えに気息奄々のエン
閾,イキ，門構えに或いはのアル
闊,迂闊なのカツ
濶,迂闊なのカツの異体字
闃,ケキ，門構えに目的のモクの下にイヌ
闍,阿闍梨のジャ
闌,ラン，波瀾万丈のランの旁
闕,刑罰の闕所のケツ
闔,コウ，門構えに去年のキョに皿
闖,闖入するのチン，門構えに馬
關,関係するのカン，せきの旧字
闡,セン，門構えに単純なのタンの旧字
闥,タツ，門構えに配達のタツ
闢,天地開闢のビャク
阡,セン，阜偏に漢数字の千
阨,アイ，阜偏に厄年のヤク
阮,ゲン，阜偏に元旦のガン
阯,シ，阜偏に禁止するのシ
陂,ハ，阜偏に毛皮のカワ
陌,ハク，阜偏に漢数字の百
陏,ダ，阜偏に有名人のユウ
陋,頑迷固陋のロウ
陷,おちいる，陥落のカンの旧字
陜,セン，阜偏に狭いの旧字の旁
陞,しょう、阜偏に一升瓶の升の下に土曜日の土
陝,中国の陝西省のセン
陟,チョク、阜偏に歩くの旧字
陦,トウ、阜偏に寿
陲,スイ、阜偏に垂直のスイ
陬,ソウ、阜偏に取得するのシュ
隍,こう、阜偏に皇太子のコウ
隘,隘路のアイ、せまい
隕,隕石のイン、おちる
隗,カイ、阜偏に鬼
險,冒険家のケンの旧字
隧,トンネルを意味する隧道のスイ
隱,イン、隠れるの旧字
隲,シツ、阜偏に少しの下に馬車のバ
隰,シツ、阜偏に湿っぽいの旧字の旁
隴,リョウ、阜偏に恐竜のリュウの旧字
隶,イ、奴隷解放のレイの旁
隸,レイ、奴隷解放のレイの旧字
隹,スイ、部首の隹（ふるとり）
雎,ショ，尚且つの且つの右に隹（ふるとり）
雋,隹の下に凹凸のオウの下１画を取ったもの
雉,鳥の雉、ち
雍,清の雍正帝の雍
襍,雑音のザツの異体字
雜,雑音のザツの旧字
霍,カク，雨冠に隹
雕,チョウ，周辺のシュウの右に隹
雹,ひょうあられのひょう，雨冠に包む
霄,ショウ，雨冠に肖像画のショウ
霆,テイ、雨冠に宮廷文学のテイ
霈,ハイ，雨冠に沛然たるのハイ
霓,ゲイ、雨冠に児童生徒の児の旧字
霎,ソウ，雨冠に妾
霑,テン、雨冠に三水に独占するのセン
霏,ヒ、雨冠に非常口のヒ
霖,霖雨のリン、雨冠に山林のリン
霙,霙（みぞれ）、雨冠に英雄のエイ
霤,リュウ、雨冠に留学のリュウ
霪,イン、雨冠に淫乱のイン
霰,霰（あられ），雨冠に散歩するのサン
霹,青天の霹靂のヘキ
霽,セイ、雨冠に一斉射撃のセイの旧字
霾,バイ，雨冠に豸編に里帰りのさと
靄,朝靄のもや
靆,タイ，雲の右に逮捕状のタイ
靈,霊園のレイ，たまの旧字
靂,青天の霹靂のレキ
靉,アイ，雲の右に愛するのアイ
靜,冷静のセイ，しずかの旧字
靠,コウ，告げるの下に非常口のヒ
靤,ホウ，地面のメンの右に包む
靦,テン，地面のメンの右に見物するのケン
靨,えくぼ，厭世観のエンの下に地面のジ
勒,弥勒菩薩のロク
靫,靫蔓のうつぼ
靱,強靱なのジンの異体字
靹,ドウ，革偏に国内のナイ
鞅,オウ，革偏に中央のオウ
靼,韃靼人のタン
鞁,ヒ，革偏に毛皮のかわ
靺,マツ，革偏に年末のマツ
鞆,とも，革偏に甲乙丙のヘイ
鞋,草鞋の二文字目，カイ
鞏,キョウ，恐竜のキョウの心の代わりに革命のカク
鞐,鞐（こはぜ），革偏に上下
鞜,トウ，革偏に水の下に日曜日のニチ
鞨,カツ，革偏に褐色のカツの旁
鞦,シュウ，革偏に季節の秋
鞣,なめす，ジュウ
鞳,トウ，革偏に五重塔のトウの旁
鞴,ふいご，革偏に準備するのビの旁
韃,韃靼人のタツ
韆,セン，革偏に左遷するのセン
韈,ベツ，革偏に軽蔑するのベツ
韋,韋駄天のイ
韜,六韜三略のトウ
韭,植物の韮の正字
齏,なますを意味するセイ
韲,なますを意味するセイの異体字
竟,畢竟のキョウ
韶,ショウ，音楽のオンに招くの旁
韵,余韻が残るのインの異体字
頏,コウ，抵抗するのコウの旁の右に頁
頌,頌春のショウ，公に頁
頸,頸椎のケイ，くび
頤,おとがい
頡,ケツ，大吉のキチに頁
頷,うなずく，ガン
頽,頽廃的なのタイ，禿げ山のはげの右に頁
顆,顆粒のカ，つぶ
顏,かお，顔面のガンの旧字
顋,えら，不思議のシの右に頁
顫,セン，仏壇のダンの旁の右に頁
顯,顕微鏡のケンの旧字
顰,顰蹙を買うのヒン
顱,ロ，櫨の木のはぜの旁の右に頁
顴,ケン，缶詰のカンの旧字の旁の右に頁
顳,ジョウ，耳三つの右に頁
颪,おろし，上下のゲの下に風
颯,颯爽としたのサツ
颱,台風を意味するタイ，風の右に台所のダイ
颶,グ，風の右に道具のグ
飄,飄々としたのヒョウ，風の左に投票するのヒョウ
飃,飄々としたのヒョウの異体字，風の右に投票するのヒョウ
飆,つむじかぜ，ヒョウ，風の左にイヌ三つ
飩,ドン，饂飩の二文字目
飫,ヨ，あきる，食偏に肥沃な土地のヨクの旁
餃,餃子の一文字目
餉,ショウ，食偏に向かう
餒,ダイ，食偏に妥協するのダ，うえる
餔,ホ，くらう，食偏に詩人の杜甫のホ
餘,余裕のヨ，余るの旧字
餡,葛案のアン
餝,ショク，飾るの異体字，食偏に芳香剤のホウ
餞,はなむけ，餞別のセン
餤,タン，くらう，食偏に炎
餠,餅つきのモチの旧字
餬,コ，かゆ，黒胡椒のコ
餮,テツ，むさぼる
餽,キ，まつる，食偏に鬼
餾,リュウ，むす，食偏に留学のリュウ
饂,ドン，饂飩の一文字目
饉,飢饉に見舞われるのキン
饅,饅頭のマン
饐,イ，すえる
饋,キ，おくる，食偏に貴重品のキ
饑,飢饉に見舞われるのキ，ひだるい
饒,饒舌のジョウ，ゆたか
饌,セン，そなえる，食偏に選ぶの旁
饕,トウ，むさぼる
馗,鍾馗様のキ
馘,馘首するのカク，首偏に或
馥,馥郁たるのフク，かおり
馭,馭者のギョ，馬偏に又
馮,ヒョウ，たのむ，二すいに馬
馼,ブン，馬偏に作文のブン
駟,シ，馬偏に漢数字の四
駛,シ，はせる，馬偏に歴史のシ
駝,動物の駱駝のダ
駘,春風駘蕩のタイ
駑,駑馬のド，奴の下に馬
駭,ガイ，おどろく，馬偏に十二支のイノシシ
駮,ハク，馬偏に交わる
駱,動物の駱駝のラク
駲,馬偏に九州地方のシュウ
駻,駻馬のカン，あらうま
駸,シン，馬偏に侵略するのシンの旁
騁,テイ，はせる，馬偏に招聘するのヘイの旁
騏,騏_のキ，馬偏に其
騅,スイ，馬偏に隹
駢,ヘン，馬偏に併用するのヘイの旁
騙,騙す
騫,ケン，寒いの下二点の代わりに馬
騷,騒ぐ，騒音のソウの旧字
驅,四輪駆動のク，駆けるの旧字
驂,サン，馬偏に参加するのサン，参るの旧字
驀,驀進するのバク
驃,ヒョウ，馬偏に投票するのヒョウ
騾,動物の騾馬のラ
驕,驕慢なのキョウ，驕る
驍,馬偏に尭舜のギョウの旧字
驛,駅ビルのエキの旧字
驗,試験を受けるのケンの旧字
驟,驟雨のシュウ，馬偏に聚楽第のジュ
驢,動物の驢馬のロ
驥,驥尾に付すのキ
驤,ジョウ，馬偏に譲るの旁の旧字
驩,カン，馬偏に灌木のカン
驫,ヒョウ，馬が三つ
驪,レイ，馬偏に麗しい
骭,カン，骨偏に汗の旁
骰,トウ，骨偏に投げるの旁
骼,カク，骨偏に合格のカクの旁
髀,ヒ，骨偏に卑しい
髏,髑髏のロ
髑,髑髏のドク
髓,脊髄のズイの旧字
體,体，体育のタイの旧字
髞,ソウ，高い低いの高いに操るの旁
髟,ヒョウ，髪頭
髢,テイ，髪頭に也，かもじ
髣,髣髴のホウ，髪頭に正方形のホウ
髦,ボウ，髪頭に毛糸のケ
髯,ゼン，ほうひげ
髫,チョウ，髪頭に招くの旁
髮,髪の毛の髪の旧字
髴,髣髴のフツ，髪頭に沸騰するのフツの旁
髱,ホウ，髪頭に包む
髷,キョク，まげ，髪頭に曲げる
髻,ケイ，髪頭に大吉のキチ
鬆,ショウ，髪頭に松の木のマツ
鬘,マン，髪頭に曼荼羅のマン
鬚,シュ，ひげ，髪頭に必須のス
鬟,カン，髪頭に循環するのカンの旁
鬢,ビン，髪頭に来賓のヒン
鬣,リョウ，髪頭に猟銃のリョウの旁
鬥,トウ，部首のトウ構え
鬧,ドウ，トウ構えに市場のイチ
鬨,鬨の声を上げるのとき
鬩,ゲキ，トウ構えに睨むの旁
鬪,闘牛士のトウ，たたかう
鬮,キュウ，トウ構えに動物の亀の旧字
鬯,チョウ，部首のニオイザケ
鬲,カク，隔たりの旁
魄,ハク，白偏に鬼
魃,日照りを意味する旱魃のバツ
魏,魏志倭人伝のギ
魍,魑魅魍魎のモウ
魎,魑魅魍魎のリョウ
魑,魑魅魍魎のチ
魘,厭世観のエンの下に鬼
魴,魚の魴ボウのホウ，魚偏に親方の方
鮓,すし，魚偏に作文の作の旁
鮃,ひらめ，魚偏に平ら
鮑,あわび，魚偏に包む
鮖,かじか，魚偏に石
鮗,このしろ，魚偏に冬
鮟,魚の鮟鱇の鮟，魚偏に安い
鮠,魚のはや，魚偏に危ない
鮨,すし，魚偏に旨い
鮴,魚のごり，魚偏に休む
鯀,コン，魚偏に系列の系
鯊,魚のはぜ，三水に少ないの下に魚
鮹,たこ，魚偏に肖像画の肖
鯆,ホ，魚偏に詩人の杜甫の甫
鯏,あさり，魚偏に権利の利
鯑,かずのこ，魚偏に希
鯒,魚のこち，魚偏に桶の旁
鯣,するめ，魚偏に貿易風の易
鯢,ゲイ，魚偏に睨むの旁
鯤,コン，魚偏に昆虫の昆
鯔,魚のぼら，魚偏に曲がり川の下に田んぼの田
鯡,ヒ，魚偏に非常口の非
鰺,魚の鰺の異体字，片仮名のムが三つ
鯲,どじょう，魚偏に何々に於いての於
鯱,魚のしゃち
鯰,なまず，魚偏に残念の念
鰕,魚偏のえび，カ
鰔,カン，魚偏に鍼灸のはりの旁
鰉,コウ，魚偏に皇太子のコウ
鰓,えら，魚偏に思う
鰌,どじょう，魚偏に酋長さんのシュウ
鰆,さわら，魚偏に春
鰈,魚のかれい
鰒,ふぐ，魚偏に腹の旁
鰊,魚のにしん，レン
鰄,イ，魚偏に威厳があるの威
鰮,オン，魚偏に囚われ人のシュウの下に皿
鰛,オン，魚偏に温泉の温の旁
鰥,カン，男寡（やもめ）のやもお
鰤,魚のぶり
鰡,魚偏に留学の留，ぼら
鰰,魚のはたはた，魚偏に神様の神
鱇,魚の鮟鱇の鮟，魚偏に家康の康
鰲,ゴウ，傲慢の傲の旁の下に魚
鱆,ショウ，魚偏に文章を書くのショウ
鰾,うきぶくろ，魚偏に投票するの票
鱚,魚のきす，魚偏に喜ぶ
鱠,魚偏のなます
鱧,魚のはも，魚偏に豊か
鱶,魚のふか，魚偏に養う
鱸,魚のすずき
鳧,水鳥の鳧（けり），鳥の下に机の旁
鳬,水鳥の鳧（けり），鳥の四つ点の代わりに机の旁
鳰,水鳥の鳰（にお），入学の入に鳥
鴉,牙に鳥，鴉（からす）
鴈,ガン，雁垂に人偏に鳥
鳫,ガン，雁垂に鳥
鴃,鳥偏に快適の快，鴃（もず）
鴆,チン，沈むの旁の右に鳥
鴪,イツ，穴を掘るの穴の右に鳥
鴦,鴛鴦の鴦，おしどり
鶯,鴬（うぐいす），頭に火曜日の火が二つ
鴣,鳥のシャコのコ，中古車のコの右に鳥
鴟,シ，抵抗するの抵の旁の右に鳥
鵄,シ，夏至の至の右に鳥
鴕,ダ，鳥偏に仏陀の陀の旁
鴒,鶺鴒の鴒
鵁,コウ，交通の交の右に鳥
鴿,コウ，合格の合の右に鳥
鴾,ボウ，釈迦牟尼の牟の右に鳥
鵆,行構えの中に鳥，鵆（ちどり）
鵈,耳偏に鳥，鵈（とび）
鵝,ガ，我慢の我の右に鳥，鵝鳥の鵝
鵞,ガ，我慢の我の下に鳥，鵞鳥の鵞
鵤,角偏に鳥，鵤（いかるが）
鵑,ケン，絹糸の絹の旁の右に鳥
鵐,ブ，神社の巫女のフの右に鳥
鵙,ケキ，貝偏に鳥
鵲,鵲（かささぎ），昔の右に鳥
鶉,鳥の鶉（うずら）
鶇,鶫（つぐみ），東の右に鳥
鶫,鶫（つぐみ），鰊の旁の右に鳥
鵯,鵯（ひよどり），卑屈なの卑の右に鳥
鵺,夜空の夜の右に鳥，鵺（ぬえ）
鶚,ガク，鰐の旁の右に鳥，鶚（みさご）
鶤,コン，軍隊の軍の右に鳥
鶩,ボク，矛盾の矛とのぶんの下に鳥
鶲,オウ，翁の右に鳥
鷄,鶏の旧字
鷁,ゲキ，利益の益の右に鳥，鷁（あおさぎ）
鶻,コツ，骨の右に鳥
鶸,ジャク，弱いの右に鳥，鶸（ひわ）
鶺,鶺鴒の鶺
鷆,テン，真心の真の旧字の右に鳥
鷏,テン，真心の真の右に鳥
鷂,ヨウ，民謡の謡の旧字の旁の右に鳥，はしたか
鷙,シ，執事の執の下に鳥
鷓,鳥のシャコのシャ，庶民の庶の右に鳥
鷸,イツ，橘の旁の右に鳥，鷸（しぎ）
鷦,ショウ，焦げるの右に鳥
鷭,バン，番号の番の右に鳥
鷯,リョウ，同僚の僚の旁の右に鳥
鷽,ガク，学冠の旧字体の下に鳥
鸚,鳥の鸚鵡の鸚
鸛,鳥の鸛（こうのとり），カン
鸞,親鸞聖人の鸞
鹵,鹵獲のロ，しお
鹹,鹹水湖のカン，からい，鹵獲のロの右に鍼灸のはりの旁
鹽,塩の旧字，エン
麁,ソ，あらい，片仮名のクの下に鹿
麈,シュ，鹿の下に主人公のシュ
麋,ビ，鹿の下に米
麌,おじか，ゴ，鹿の下に呉服屋のゴの旧字形
麒,麒麟児のキ，鹿の右に其
麕,麕鹿のノロ，鹿の下に国構えに禾編ののぎ
麑,かのこ，ゲイ，鹿の下に児童生徒の児の旧字
麝,麝香鹿のジャ，鹿の下に反射のシャ
麥,麦の旧字
麩,お麩のフ，麦の旧字に夫
麸,お麩のフ，麦に夫
麪,麺類の麺の異体字
麭,ホウ，麦の旧字に包む
靡,風靡するのビ，なびく
黌,昌平黌のコウ
黎,黎明期のレイ
黏,ねばる，ネン，黍偏に独占するのセン
黐,鳥黐のモチ，黍偏に離れるの旁
黔,くろい，ケン，黒いの右に今
黜,しりぞける，チュツ，黒の右に出る
點,点数のテンの旧字
黝,あおぐろい，ユウ，黒の右に幼い
黠,カツ，黒の右に大吉の吉
黥,ゲイ，いれずみ，黒の右に東京のキョウ
黨,与党野党のトウの旧字
黯,くらい，アン，黒の右に音楽のオン
黴,かび，黴菌のバイ
黶,ほくろ，エン
黷,けがす，トク，黒の右に販売のバイの旧字
黹,チ，部首のフツ
黻,膝掛けを意味するフツ
黼,縫い取りの模様を意味するフ
黽,ビン，縄の旧字の旁
鼇,大亀を意味するゴウ
鼈,鼈甲飴のベツ
皷,鼓の異体字，旁が毛皮のカワ
鼕,トウ，鼓の下に冬
鼡,鼠の異体字
鼬,動物のイタチ
鼾,鼾
齊,一斉射撃のセイの旧字
齒,歯ブラシのハの旧字
齔,シン，歯の旧字の右に片仮名のヒ
齣,こま，歯の旧字の右に俳句のク
齟,齟齬を来すのソ
齠,チョウ，歯の旧字の右に召集令状のショウ
齡,年齢のレイの旧字
齦,ギン，歯茎
齧,齧歯類のゲツ，かじる
齬,齟齬を来すのゴ
齪,齷齪するのセク，歯の旧字の右に足
齷,齷齪するのアク，歯の旧字の右に屋上のオク
齲,齲歯のウ，虫歯
齶,あご，ガク，歯の旧字の右に愕然とするのガクの旁
龕,龕灯のガン，合格のゴウの下に龍
龜,動物の亀の旧字
龠,部首のヤク，ふえ
堯,尭舜のギョウの旧字
槇,植物の槙の旧字
遙,遥拝するのヨウ，遥かの旧字
瑤,ヨウ，王偏に揺れるの旁の旧字
凜,凜冽たるのリン
熙,キ，元首相の細川護煕のヒロ
